I001 [*] Import block is un-sorted or un-formatted
 --> scripts/aggregate_multiseed.py:3:1
  |
1 |   #!/usr/bin/env python3
2 |   """Aggregate multiseed outputs from run manifests — real artifacts only."""
3 | / from __future__ import annotations
4 | | import json
5 | | from pathlib import Path
6 | | from collections import defaultdict
7 | | import math
  | |___________^
8 |
9 |   ROOT = Path(__file__).resolve().parents[1]
  |
help: Organize imports
  |
3 | from __future__ import annotations
4 +
5 | import json
  - from pathlib import Path
  - from collections import defaultdict
6 | import math
7 + from collections import defaultdict
8 + from pathlib import Path
9 |
  |

EXE001 Shebang is present but file is not executable
 --> scripts/analyze_development.py:1:1
  |
1 | #!/usr/bin/env python3
  | ^^^^^^^^^^^^^^^^^^^^^^
2 | """Regenerate development tables from verified immutable campaign artifacts."""
3 | from collections import defaultdict
  |

I001 [*] Import block is un-sorted or un-formatted
  --> scripts/analyze_development.py:3:1
   |
 1 |   #!/usr/bin/env python3
 2 |   """Regenerate development tables from verified immutable campaign artifacts."""
 3 | / from collections import defaultdict
 4 | | import csv
 5 | | import hashlib
 6 | | import itertools
 7 | | import json
 8 | | from pathlib import Path
 9 | | import numpy as np
   | |__________________^
10 |
11 |   ROOT = Path(__file__).resolve().parents[1]
   |
help: Organize imports
   |
2  | """Regenerate development tables from verified immutable campaign artifacts."""
   - from collections import defaultdict
3  | import csv
4  | import hashlib
5  | import itertools
6  | import json
7  + from collections import defaultdict
8  | from pathlib import Path
9  +
10 | import numpy as np
   |

EXE001 Shebang is present but file is not executable
 --> scripts/analyze_sensitivity.py:1:1
  |
1 | #!/usr/bin/env python3
  | ^^^^^^^^^^^^^^^^^^^^^^
2 | """Report the predeclared wider-grid follow-up without replacing primary results."""
3 | from collections import defaultdict, Counter
  |

I001 [*] Import block is un-sorted or un-formatted
 --> scripts/analyze_sensitivity.py:3:1
  |
1 |   #!/usr/bin/env python3
2 |   """Report the predeclared wider-grid follow-up without replacing primary results."""
3 | / from collections import defaultdict, Counter
4 | | import csv
5 | | import json
6 | | import numpy as np
7 | | from analyze_development import ROOT, OUT, campaign, stats
  | |__________________________________________________________^
8 |
9 |   def main():
  |
help: Organize imports
   |
2  | """Report the predeclared wider-grid follow-up without replacing primary results."""
   - from collections import defaultdict, Counter
3  | import csv
4  | import json
5  + from collections import Counter, defaultdict
6  +
7  | import numpy as np
   - from analyze_development import ROOT, OUT, campaign, stats
8  + from analyze_development import OUT, ROOT, campaign, stats
9  +
10 |
   |

F401 [*] `analyze_development.ROOT` imported but unused
 --> scripts/analyze_sensitivity.py:7:33
  |
5 | import json
6 | import numpy as np
7 | from analyze_development import ROOT, OUT, campaign, stats
  |                                 ^^^^
8 |
9 | def main():
  |
help: Remove unused import: `analyze_development.ROOT`
  |
6 | import numpy as np
  - from analyze_development import ROOT, OUT, campaign, stats
7 + from analyze_development import OUT, campaign, stats
8 |
  |

EXE001 Shebang is present but file is not executable
 --> scripts/audit_development.py:1:1
  |
1 | #!/usr/bin/env python3
  | ^^^^^^^^^^^^^^^^^^^^^^
2 | """Independent contract checks over saved artifacts (same-author, same-host audit)."""
3 | import hashlib
  |

I001 [*] Import block is un-sorted or un-formatted
 --> scripts/audit_development.py:3:1
  |
1 |   #!/usr/bin/env python3
2 |   """Independent contract checks over saved artifacts (same-author, same-host audit)."""
3 | / import hashlib
4 | | import json
5 | | from pathlib import Path
6 | | import numpy as np
7 | | from analyze_development import campaign, ROOT
  | |______________________________________________^
8 |
9 |   def audit():
  |
help: Organize imports
   |
5  | from pathlib import Path
6  +
7  | import numpy as np
   - from analyze_development import campaign, ROOT
8  + from analyze_development import ROOT, campaign
9  +
10 |
   |

F401 [*] `pathlib.Path` imported but unused
 --> scripts/audit_development.py:5:21
  |
3 | import hashlib
4 | import json
5 | from pathlib import Path
  |                     ^^^^
6 | import numpy as np
7 | from analyze_development import campaign, ROOT
  |
help: Remove unused import: `pathlib.Path`
  |
4 | import json
  - from pathlib import Path
5 | import numpy as np
  |

EXE001 Shebang is present but file is not executable
 --> scripts/build_delivery.py:1:1
  |
1 | #!/usr/bin/env python3
  | ^^^^^^^^^^^^^^^^^^^^^^
2 | """Complete local review archive using repository-relative inputs only."""
3 | import argparse
  |

I001 [*] Import block is un-sorted or un-formatted
  --> scripts/build_delivery.py:3:1
   |
 1 |   #!/usr/bin/env python3
 2 |   """Complete local review archive using repository-relative inputs only."""
 3 | / import argparse
 4 | | import hashlib
 5 | | import json
 6 | | from pathlib import Path
 7 | | import subprocess
 8 | | import tarfile
   | |______________^
 9 |
10 |   ROOT = Path(__file__).resolve().parents[1]
   |
help: Organize imports
  |
5 | import json
  - from pathlib import Path
6 | import subprocess
7 | import tarfile
8 + from pathlib import Path
9 |
  |

I001 [*] Import block is un-sorted or un-formatted
  --> scripts/closure/analyze_cwlnn.py:2:1
   |
 1 |   """Replay all CWLNN predictions, selections and permutations; retain full curves."""
 2 | / import hashlib
 3 | | import argparse
 4 | | import importlib.util
 5 | | import json
 6 | | from pathlib import Path
 7 | |
 8 | | import numpy as np
 9 | | import torch
10 | |
11 | | from world_series.cwlnn.conditional import ConditionalWorld, permute
12 | | from world_series.cwlnn.tasks import prepare
   | |____________________________________________^
help: Organize imports
  |
1 | """Replay all CWLNN predictions, selections and permutations; retain full curves."""
2 + import argparse
3 | import hashlib
  - import argparse
4 | import importlib.util
  |

RUF059 Unpacked variable `replay_model` is never used
   --> scripts/closure/analyze_cwlnn.py:102:5
    |
100 |     first=root/f'{study.SEEDS[0]}_0'
101 |     original=json.loads((first/'hierarchy_learned_training.json').read_text())
102 |     replay_model,replay=study.train(study.SEEDS[0],0,'hierarchy_learned',study.datasets(study.SEEDS[0],0),replay_dir)
    |     ^^^^^^^^^^^^
103 |     for key in ('losses','batch_choices','chosen'):
104 |         assert replay[key]==original[key]
    |
help: Prefix it with an underscore or any other dummy variable pattern

ISC004 Unparenthesized implicit string concatenation in collection
   --> scripts/closure/analyze_cwlnn.py:141:16
    |
139 |           if s['primary_operating_point']:
140 |               lines.append(f"| {s['task']} | {s['model']} | {s['fraction']} | {s['mean_mse']:.7g} | {s['median_inference_ms']:.4f} | …
141 |       lines+=['','All four budget curves, paired seed differences, raw timing lists and source hashes are retained. '
    |  ________________^
142 | |         'The routed primary point is fixed at 0.5; no held-error budget selection. Feasibility requires at least95% '
143 | |         'of72 graphs below3ms within each seed/task. Median latency alone does not establish feasibility.','',
    | |__________________________________________________________________________________________________________^
144 |           f'Audit: {replayed} predictions and permutations, {checkpoint_scores} selection scores, {len(ids)} disjoint graph IDs. '
145 |           f'Maximum permutation discrepancy {max_permutation_difference:.3g}. One full160-update learned-router fit replays exactly.'…
    |
help: Did you forget a comma?
help: Wrap implicitly concatenated strings in parentheses

ISC004 Unparenthesized implicit string concatenation in collection
   --> scripts/closure/analyze_cwlnn.py:144:9
    |
142 |   …     'The routed primary point is fixed at 0.5; no held-error budget selection. Feasibility requires at least95% '
143 |   …     'of72 graphs below3ms within each seed/task. Median latency alone does not establish feasibility.','',
144 | / …     f'Audit: {replayed} predictions and permutations, {checkpoint_scores} selection scores, {len(ids)} disjoint graph IDs. '
145 | | …     f'Maximum permutation discrepancy {max_permutation_difference:.3g}. One full160-update learned-router fit replays exactly.','',
    | |_________________________________________________________________________________________________________________________________^
146 |   …     'Timing includes instrumented receipts, input conversion, validation, public hierarchy construction, routing and decoding. '
147 |   …     'Training compute differs because full controls process all nodes. Learned routing adds49 parameters. '
    |
help: Did you forget a comma?
help: Wrap implicitly concatenated strings in parentheses

ISC004 Unparenthesized implicit string concatenation in collection
   --> scripts/closure/analyze_cwlnn.py:146:9
    |
144 |           f'Audit: {replayed} predictions and permutations, {checkpoint_scores} selection scores, {len(ids)} disjoint graph IDs. '
145 |           f'Maximum permutation discrepancy {max_permutation_difference:.3g}. One full160-update learned-router fit replays exactly.'…
146 | /         'Timing includes instrumented receipts, input conversion, validation, public hierarchy construction, routing and decoding. '
147 | |         'Training compute differs because full controls process all nodes. Learned routing adds49 parameters. '
148 | |         'The multiscale task is hierarchy-aligned; diffusion is not. Flat receptive-field matching is limited to training paths, '
149 | |         'not arbitrary tree groupings. No universal sparse-backbone, novelty or independent-replication claim.']
    | |_______________________________________________________________________________________________________________^
150 |       Path('docs/closure/CWLNN_RESULTS.md').write_text('\n'.join(lines)+'\n')
151 |       print(json.dumps({'audit':result['audit'],'primary':[s for s in summaries if s['primary_operating_point']], 'paired':comparison…
    |
help: Did you forget a comma?
help: Wrap implicitly concatenated strings in parentheses

I001 [*] Import block is un-sorted or un-formatted
 --> scripts/closure/analyze_qapen.py:2:1
  |
1 |   """Audit all stream receipts, recompute metrics, and report seed-paired contrasts."""
2 | / from collections import defaultdict,Counter
3 | | import hashlib
4 | | import json
5 | | from pathlib import Path
6 | | import numpy as np
  | |__________________^
7 |
8 |   ROOT=Path(__file__).resolve().parents[2]
  |
help: Organize imports
  |
1 | """Audit all stream receipts, recompute metrics, and report seed-paired contrasts."""
  - from collections import defaultdict,Counter
2 | import hashlib
3 | import json
4 + from collections import Counter, defaultdict
5 | from pathlib import Path
6 +
7 | import numpy as np
  |

F841 Local variable `costs` is assigned to but never used
  --> scripts/closure/analyze_qapen.py:16:44
   |
14 |     summary=json.loads((DIRECTORY/'summary.json').read_text())
15 |     assert summary['expected_stream_methods']==512 and len(summary['receipts'])==512
16 |     results=[];seen=set();events=Counter();costs=defaultdict(list)
   |                                            ^^^^^
17 |     for receipt in summary['receipts']:
18 |         for filename,digest in receipt['files'].items():
   |
help: Remove assignment to unused variable `costs`

I001 [*] Import block is un-sorted or un-formatted
  --> scripts/closure/analyze_wcode.py:2:1
   |
 1 |   """Audit model selection and every recorded search, then aggregate by family."""
 2 | / from collections import defaultdict
 3 | | import hashlib
 4 | | import json
 5 | | from pathlib import Path
 6 | | import sys
 7 | | import numpy as np
 8 | | import torch
   | |____________^
 9 |
10 |   ROOT=Path(__file__).resolve().parents[2]
   |
help: Organize imports
  |
1 | """Audit model selection and every recorded search, then aggregate by family."""
  - from collections import defaultdict
2 | import hashlib
3 | import json
  - from pathlib import Path
4 | import sys
5 + from collections import defaultdict
6 + from pathlib import Path
7 +
8 | import numpy as np
  |

I001 [*] Import block is un-sorted or un-formatted
  --> scripts/closure/analyze_wcode.py:12:1
   |
10 |   ROOT=Path(__file__).resolve().parents[2]
11 |   sys.path[:0]=[str(ROOT/'src'),str(Path(__file__).resolve().parent)]
12 | / from world_series.wcode.learned import program_pool,pack_programs,ProgramScorer,public_tensor
13 | | from world_series.wcode.dsl import ast_nodes
14 | | from wcode_study import charged_search,examples
   | |_______________________________________________^
15 |
16 |   DIRECTORY=ROOT/'campaigns/wcode-trained-v1'
   |
help: Organize imports
   |
11 | sys.path[:0]=[str(ROOT/'src'),str(Path(__file__).resolve().parent)]
   - from world_series.wcode.learned import program_pool,pack_programs,ProgramScorer,public_tensor
12 + from wcode_study import charged_search, examples
13 +
14 | from world_series.wcode.dsl import ast_nodes
   - from wcode_study import charged_search,examples
15 + from world_series.wcode.learned import ProgramScorer, pack_programs, program_pool, public_tensor
16 |
   |

EXE001 Shebang is present but file is not executable
 --> scripts/closure/analyze_wfim_learning.py:1:1
  |
1 | #!/usr/bin/env python3
  | ^^^^^^^^^^^^^^^^^^^^^^
2 | """Reload every completed WFIM model and verify saved predictions and metrics."""
3 | import argparse, hashlib, json
  |

I001 [*] Import block is un-sorted or un-formatted
 --> scripts/closure/analyze_wfim_learning.py:3:1
  |
1 |   #!/usr/bin/env python3
2 |   """Reload every completed WFIM model and verify saved predictions and metrics."""
3 | / import argparse, hashlib, json
4 | | from pathlib import Path
5 | | import numpy as np
6 | | import torch
7 | | from world_series.wfim.learning import CompositionModel
8 | | from source_paths import source_path
  | |____________________________________^
help: Organize imports
   |
2  | """Reload every completed WFIM model and verify saved predictions and metrics."""
   - import argparse, hashlib, json
3  + import argparse
4  + import hashlib
5  + import json
6  | from pathlib import Path
7  +
8  | import numpy as np
9  | import torch
10 + from source_paths import source_path
11 +
12 | from world_series.wfim.learning import CompositionModel
   - from source_paths import source_path
13 |
   |

C408 Unnecessary `dict()` call (rewrite as a literal)
  --> scripts/closure/analyze_wfim_learning.py:39:28
   |
37 |           for kind in protocol["kinds"]:
38 |               group=[r for r in records if r["task"]==task and r["kind"]==kind]
39 |               summary.append(dict(task=task,kind=kind,models=len(group),
   |  ____________________________^
40 | |                 template_mse=float(np.mean([r["mse"]["template"] for r in group])),
41 | |                 length_mse=float(np.mean([r["mse"]["length"] for r in group])),
42 | |                 payload_bytes=group[0]["storage"]["total_payload_bytes"],
43 | |                 training_seconds=float(np.mean([r["training_ns"] for r in group]))/1e9))
   | |_______________________________________________________________________________________^
44 |       result=dict(models_reloaded=80,predictions_replayed=80*len(words),exact_predictions=True,exact_targets=True,
45 |                   source_hashes_verified=True,summary=summary,
   |
help: Rewrite as a literal

C408 Unnecessary `dict()` call (rewrite as a literal)
  --> scripts/closure/analyze_wfim_learning.py:44:12
   |
42 |                   payload_bytes=group[0]["storage"]["total_payload_bytes"],
43 |                   training_seconds=float(np.mean([r["training_ns"] for r in group]))/1e9))
44 |       result=dict(models_reloaded=80,predictions_replayed=80*len(words),exact_predictions=True,exact_targets=True,
   |  ____________^
45 | |                 source_hashes_verified=True,summary=summary,
46 | |                 limitations=["same-host replay, not independent confirmation","selection histories retain training losses and select…
47 | |                 artifacts={str(p):hashlib.sha256(p.read_bytes()).hexdigest() for p in sorted(root.iterdir()) if p.is_file()})
   | |_____________________________________________________________________________________________________________________________^
48 |       output.write_text(json.dumps(result,indent=2)+"\n")
49 |       print(json.dumps(summary))
   |
help: Rewrite as a literal

I001 [*] Import block is un-sorted or un-formatted
  --> scripts/closure/analyze_wft.py:2:1
   |
 1 |   """Verify stored WFT actions using NumPy/SciPy and aggregate complete seed units."""
 2 | / from collections import defaultdict
 3 | | import hashlib
 4 | | import json
 5 | | from pathlib import Path
 6 | | import sys
 7 | | import numpy as np
 8 | | from scipy.linalg import expm
 9 | | import torch
   | |____________^
10 |
11 |   ROOT=Path(__file__).resolve().parents[2]
   |
help: Organize imports
   |
1  | """Verify stored WFT actions using NumPy/SciPy and aggregate complete seed units."""
   - from collections import defaultdict
2  | import hashlib
3  | import json
4  + import sys
5  + from collections import defaultdict
6  | from pathlib import Path
   - import sys
7  +
8  | import numpy as np
   - from scipy.linalg import expm
9  | import torch
10 + from scipy.linalg import expm
11 |
   |

I001 [*] Import block is un-sorted or un-formatted
  --> scripts/closure/analyze_wft.py:13:1
   |
11 |   ROOT=Path(__file__).resolve().parents[2]
12 |   sys.path[:0]=[str(ROOT/'src'),str(Path(__file__).resolve().parent)]
13 | / from world_series.wft.constraints import domain,teacher
14 | | from wft_study import make_data
   | |_______________________________^
15 |
16 |   DIRECTORY=ROOT/'campaigns/wft-constraints-v1'
   |
help: Organize imports
   |
12 | sys.path[:0]=[str(ROOT/'src'),str(Path(__file__).resolve().parent)]
   - from world_series.wft.constraints import domain,teacher
13 | from wft_study import make_data
14 |
15 + from world_series.wft.constraints import domain, teacher
16 +
17 | DIRECTORY=ROOT/'campaigns/wft-constraints-v1'
   |

I001 [*] Import block is un-sorted or un-formatted
  --> scripts/closure/analyze_wpinn.py:2:1
   |
 1 |   """Audit recorded choices, input splits, checkpoint predictions and every rollout."""
 2 | / import hashlib
 3 | | import importlib.util
 4 | | import importlib.metadata
 5 | | import json
 6 | | from pathlib import Path
 7 | |
 8 | | import numpy as np
 9 | | import torch
10 | | from world_series.wpinn.structured import ObservationField, neural_observations, rollout
   | |________________________________________________________________________________________^
help: Organize imports
   |
2  | import hashlib
3  + import importlib.metadata
4  | import importlib.util
   - import importlib.metadata
5  | import json
--------------------------------------------------------------------------------
9  | import torch
10 +
11 | from world_series.wpinn.structured import ObservationField, neural_observations, rollout
   |

F401 [*] `world_series.wpinn.structured.rollout` imported but unused
  --> scripts/closure/analyze_wpinn.py:10:82
   |
 8 | import numpy as np
 9 | import torch
10 | from world_series.wpinn.structured import ObservationField, neural_observations, rollout
   |                                                                                  ^^^^^^^
help: Remove unused import: `world_series.wpinn.structured.rollout`
   |
9  | import torch
   - from world_series.wpinn.structured import ObservationField, neural_observations, rollout
10 + from world_series.wpinn.structured import ObservationField, neural_observations
11 |
   |

RUF059 Unpacked variable `fitted` is never used
  --> scripts/closure/analyze_wpinn.py:86:5
   |
84 |     original = json.loads(first.read_text())
85 |     data = np.load(first.parent / 'observations.npz')
86 |     fitted, trace, model = neural_observations(data['0_t'], data['0_y'], original['trajectory_ids'][0]['id'])
   |     ^^^^^^
87 |     assert trace == original['smoothing'][0]['neural']
88 |     saved = torch.load(first.parent / 'field_0.pt', weights_only=True)
   |
help: Prefix it with an underscore or any other dummy variable pattern

ISC004 Unparenthesized implicit string concatenation in collection
   --> scripts/closure/analyze_wpinn.py:116:19
    |
114 |           primary = 'INCOMPLETE' if s['primary_mean'] is None else f"{s['primary_mean']:.8g}"
115 |           lines.append(f"| {method} | {s['failed_cells']} | {primary} | {s['successful_cells_mean_only']:.8g} | {s['exact_support_fra…
116 |       lines += ['', f'Audit: {replayed} rollout receipts replay exactly; {selections} threshold selections verified; '
    |  ___________________^
117 | |                f'{checkpoints} saved fields reproduce predictions; all 600 whole-trajectory IDs are disjoint. '
118 | |                'One complete 400-update observation fit reproduces its trace and checkpoint exactly.', '',
    | |_____________________________________________________________________________________________________^
119 |                  'Physical constraints and known support provide additional information. Neural fields fit '
120 |                  'observations only; this is not joint physics-informed neural training. No general PDE, '
    |
help: Did you forget a comma?
help: Wrap implicitly concatenated strings in parentheses

ISC004 Unparenthesized implicit string concatenation in collection
   --> scripts/closure/analyze_wpinn.py:119:16
    |
117 |                  f'{checkpoints} saved fields reproduce predictions; all 600 whole-trajectory IDs are disjoint. '
118 |                  'One complete 400-update observation fit reproduces its trace and checkpoint exactly.', '',
119 | /                'Physical constraints and known support provide additional information. Neural fields fit '
120 | |                'observations only; this is not joint physics-informed neural training. No general PDE, '
121 | |                'novelty, independent replication, or publication-ready claim follows from these results.']
    | |_________________________________________________________________________________________________________^
122 |       Path('docs/closure/WPINN_RESULTS.md').write_text('\n'.join(lines) + '\n')
123 |       print(json.dumps({'audit': out['audit'], 'summary': summaries}, indent=2))
    |
help: Did you forget a comma?
help: Wrap implicitly concatenated strings in parentheses

I001 [*] Import block is un-sorted or un-formatted
 --> scripts/closure/audit_qapen_checkpoints.py:2:1
  |
1 |   """Replay locally generated, hash-verified checkpoints; never load foreign pickle."""
2 | / import hashlib
3 | | import json
4 | | from pathlib import Path
5 | | import pickle
6 | | import sys
7 | | import numpy as np
  | |__________________^
8 |
9 |   ROOT=Path(__file__).resolve().parents[2]
  |
help: Organize imports
  |
3 | import json
  - from pathlib import Path
4 | import pickle
5 | import sys
6 + from pathlib import Path
7 +
8 | import numpy as np
  |

I001 [*] Import block is un-sorted or un-formatted
  --> scripts/closure/audit_qapen_checkpoints.py:11:1
   |
 9 |   ROOT=Path(__file__).resolve().parents[2]
10 |   sys.path[:0]=[str(ROOT/'src'),str(Path(__file__).resolve().parent)]
11 | / from world_series.qapen.causal import CausalLifecycle
12 | | from qapen_study import RollingRidge
   | |____________________________________^
help: Organize imports
   |
10 | sys.path[:0]=[str(ROOT/'src'),str(Path(__file__).resolve().parent)]
   - from world_series.qapen.causal import CausalLifecycle
11 | from qapen_study import RollingRidge
12 |
13 + from world_series.qapen.causal import CausalLifecycle
14 +
15 |
   |

I001 [*] Import block is un-sorted or un-formatted
 --> scripts/closure/check_extracted.py:2:1
  |
1 |   """Fresh-environment package checks, preserving each exit code and log."""
2 | / import argparse
3 | | import hashlib
4 | | import json
5 | | import os
6 | | from pathlib import Path
7 | | import platform
8 | | import subprocess
9 | | import time
  | |___________^
help: Organize imports
   |
5  | import os
   - from pathlib import Path
6  | import platform
7  | import subprocess
8  | import time
9  + from pathlib import Path
10 |
   |

PLW1510 `subprocess.run` without explicit `check` argument
  --> scripts/closure/check_extracted.py:36:16
   |
34 |     for label,argv in commands:
35 |         started=time.perf_counter()
36 |         result=subprocess.run(argv,cwd=root,env=env,stdout=subprocess.PIPE,stderr=subprocess.STDOUT,text=True)
   |                ^^^^^^^^^^^^^^
37 |         path=out/f'{label}.log'; path.write_text(result.stdout)
38 |         row={'step':label,'argv':argv,'cwd':str(root),'exit_code':result.returncode,
   |
help: Add explicit `check=False`

I001 [*] Import block is un-sorted or un-formatted
 --> scripts/closure/cwlnn_allocation.py:2:1
  |
1 |   """Bounded CPU allocation-shape probe; not a per-method peak-memory estimator."""
2 | / import json
3 | | from pathlib import Path
4 | | import resource
5 | | import time
6 | |
7 | | import torch
8 | | from torch.utils._python_dispatch import TorchDispatchMode
9 | | from world_series.cwlnn.conditional import ConditionalWorld, SparseWorld
  | |________________________________________________________________________^
help: Organize imports
   |
2  | import json
   - from pathlib import Path
3  | import resource
4  | import time
5  + from pathlib import Path
6  |
7  | import torch
8  | from torch.utils._python_dispatch import TorchDispatchMode
9  +
10 | from world_series.cwlnn.conditional import ConditionalWorld, SparseWorld
   |

I001 [*] Import block is un-sorted or un-formatted
  --> scripts/closure/cwlnn_study.py:2:1
   |
 1 |   """Trained CWLNN conditional-compute experiment with complete timing curves."""
 2 | / import argparse
 3 | | import copy
 4 | | import hashlib
 5 | | import json
 6 | | from pathlib import Path
 7 | | import resource
 8 | | import subprocess
 9 | | import time
10 | | import traceback
11 | |
12 | | import numpy as np
13 | | import torch
14 | |
15 | | from world_series.cwlnn.conditional import ConditionalWorld, batch_graphs
16 | | from world_series.cwlnn.tasks import generate, prepare
   | |______________________________________________________^
17 |
18 |   SEEDS = [2707,2711,2713,2719,2729,2731,2741,2749]
   |
help: Organize imports
   |
5  | import json
   - from pathlib import Path
6  | import resource
7  | import subprocess
8  | import time
9  | import traceback
10 + from pathlib import Path
11 |
   |

F401 [*] `copy` imported but unused
 --> scripts/closure/cwlnn_study.py:3:8
  |
1 | """Trained CWLNN conditional-compute experiment with complete timing curves."""
2 | import argparse
3 | import copy
  |        ^^^^
4 | import hashlib
5 | import json
  |
help: Remove unused import: `copy`
  |
2 | import argparse
  - import copy
3 | import hashlib
  |

RUF059 Unpacked variable `receipt` is never used
  --> scripts/closure/cwlnn_study.py:89:20
   |
87 |         fraction = FRACTIONS[step%4] if model.routing!='none' else 1.
88 |         optimizer.zero_grad()
89 |         prediction,receipt = model(graph,fraction,explore=True)
   |                    ^^^^^^^
90 |         loss = (prediction-target).square().mean()
91 |         if not torch.isfinite(loss):
   |
help: Prefix it with an underscore or any other dummy variable pattern

I001 [*] Import block is un-sorted or un-formatted
  --> scripts/closure/decision_gates.py:2:1
   |
 1 |   """Source-bound diagnostic gates. Never alters prior runs or awards readiness."""
 2 | / import argparse
 3 | | from collections import defaultdict
 4 | | import fcntl
 5 | | import hashlib
 6 | | import itertools
 7 | | import json
 8 | | from pathlib import Path
 9 | | import sys
10 | | import time
11 | | import traceback
12 | | import numpy as np
   | |__________________^
13 |
14 |   ROOT=Path(__file__).resolve().parents[2]
   |
help: Organize imports
   |
2  | import argparse
   - from collections import defaultdict
3  | import fcntl
4  | import hashlib
5  | import itertools
6  | import json
   - from pathlib import Path
7  | import sys
8  | import time
9  | import traceback
10 + from collections import defaultdict
11 + from pathlib import Path
12 +
13 | import numpy as np
   |

I001 [*] Import block is un-sorted or un-formatted
  --> scripts/closure/decision_gates.py:16:1
   |
14 |   ROOT=Path(__file__).resolve().parents[2]
15 |   sys.path[:0]=[str(ROOT/'src'),str(ROOT/'scripts')]
16 | / from analyze_development import campaign
17 | | from world_series.core.identity import source_identity
   | |______________________________________________________^
18 |
19 |   def dump(path,value):
   |
help: Organize imports
   |
16 | from analyze_development import campaign
17 +
18 | from world_series.core.identity import source_identity
19 |
20 +
21 | def dump(path,value):
   |

I001 [*] Import block is un-sorted or un-formatted
  --> scripts/closure/decision_gates.py:23:5
   |
22 |   def quotient_gate():
23 | /     from world_series.qwipii.domains import RingState
24 | |     from world_series.qwipii.group_actions import dihedral_actions
25 | |     from world_series.qwipii.canonicalize import canonicalize
26 | |     from world_series.qwipii.search import bfs, quotient_bfs, replay
27 | |     from world_series.core.budgets import Budget,BudgetLedger
   | |_____________________________________________________________^
28 |       rows=[]; instances=[]
29 |       for goal in [(0,1,2),(0,1,2,3),(0,1,2,3,4),(0,1,2,3,4,5),(0,1,0,1),(0,1,0,1,0,1)]:
   |
help: Organize imports
   |
22 | def quotient_gate():
23 +     from world_series.core.budgets import Budget, BudgetLedger
24 +     from world_series.qwipii.canonicalize import canonicalize
25 |     from world_series.qwipii.domains import RingState
26 |     from world_series.qwipii.group_actions import dihedral_actions
   -     from world_series.qwipii.canonicalize import canonicalize
27 |     from world_series.qwipii.search import bfs, quotient_bfs, replay
   -     from world_series.core.budgets import Budget,BudgetLedger
28 |     rows=[]; instances=[]
   |

I001 [*] Import block is un-sorted or un-formatted
  --> scripts/closure/decision_gates.py:54:5
   |
53 | def ultron_gate():
54 |     from world_series.evaluation.development import synthesis_cases,synthesis_attempt
   |     ^^^^^^^^^^^^^^^^^^^^^^^^^^^^^^^^^^^^^^^^^^^^^^^^^^^^^^^^^^^^^^^^^^^^^^^^^^^^^^^^^
55 |     rows=[]; selected=[]; original=[]
56 |     for manifest,result in campaign('development-v2'):
   |
help: Organize imports
   |
53 | def ultron_gate():
   -     from world_series.evaluation.development import synthesis_cases,synthesis_attempt
54 +     from world_series.evaluation.development import synthesis_attempt, synthesis_cases
55 |     rows=[]; selected=[]; original=[]
   |

I001 [*] Import block is un-sorted or un-formatted
   --> scripts/closure/decision_gates.py:97:5
    |
 96 |   def cwlnn_gate():
 97 | /     from world_series.cwlnn.graphs import GraphLevel,path_edges
 98 | |     from world_series.cwlnn.model import forward_multiscale
 99 | |     from world_series.cwlnn.baselines import flat_mp
    | |____________________________________________________^
100 |       modes=['flat2','flat4','hierarchy','route0','route4','route_half','route_all']
101 |       rows=[]
    |
help: Organize imports
    |
96  | def cwlnn_gate():
    -     from world_series.cwlnn.graphs import GraphLevel,path_edges
97  +     from world_series.cwlnn.baselines import flat_mp
98  +     from world_series.cwlnn.graphs import GraphLevel, path_edges
99  |     from world_series.cwlnn.model import forward_multiscale
    -     from world_series.cwlnn.baselines import flat_mp
100 |     modes=['flat2','flat4','hierarchy','route0','route4','route_half','route_all']
    |

B023 Function definition does not bind loop variable `rng`
   --> scripts/closure/decision_gates.py:105:15
    |
103 |         rng=np.random.default_rng(seed)
104 |         def graph(n):
105 |             x=rng.normal(size=(n,4));e=path_edges(n)
    |               ^^^
106 |             target=flat_mp(x,e,layers=4)[:,:1]+.5*x[:,:1].mean()
107 |             features={};times={}
    |

I001 [*] Import block is un-sorted or un-formatted
   --> scripts/closure/decision_gates.py:140:5
    |
139 |   def wpinn_gate():
140 | /     from world_series.wpinn.systems import make_trajectory
141 | |     from world_series.wpinn.library import library_matrix
142 | |     from world_series.wpinn.weak_form import test_functions,assemble_weak_system
143 | |     from world_series.wpinn.train import weak_only_fit
    | |______________________________________________________^
144 |       rows=[]
145 |       for manifest,result in campaign('development-v2'):
    |
help: Organize imports
    |
139 | def wpinn_gate():
140 +     from world_series.wpinn.library import library_matrix
141 |     from world_series.wpinn.systems import make_trajectory
    -     from world_series.wpinn.library import library_matrix
    -     from world_series.wpinn.weak_form import test_functions,assemble_weak_system
142 |     from world_series.wpinn.train import weak_only_fit
143 +     from world_series.wpinn.weak_form import assemble_weak_system, test_functions
144 |     rows=[]
    |

RUF059 Unpacked variable `names` is never used
   --> scripts/closure/decision_gates.py:152:19
    |
150 |             k,c,noise=float(parts[0][1:]),float(parts[1][1:]),float(parts[2][5:])
151 |             traj=make_trajectory(seed*100+1,k,c,noise)
152 |             theta,names,scales=library_matrix(traj.observations)
    |                   ^^^^^
153 |             a,b=assemble_weak_system(traj.times,traj.observations[:,1],theta,test_functions(traj.times,n=6))
154 |             singular=np.linalg.svd(a,compute_uv=False)
    |
help: Prefix it with an underscore or any other dummy variable pattern

RUF059 Unpacked variable `scales` is never used
   --> scripts/closure/decision_gates.py:152:25
    |
150 |             k,c,noise=float(parts[0][1:]),float(parts[1][1:]),float(parts[2][5:])
151 |             traj=make_trajectory(seed*100+1,k,c,noise)
152 |             theta,names,scales=library_matrix(traj.observations)
    |                         ^^^^^^
153 |             a,b=assemble_weak_system(traj.times,traj.observations[:,1],theta,test_functions(traj.times,n=6))
154 |             singular=np.linalg.svd(a,compute_uv=False)
    |
help: Prefix it with an underscore or any other dummy variable pattern

RUF059 Unpacked variable `b` is never used
   --> scripts/closure/decision_gates.py:153:15
    |
151 |             traj=make_trajectory(seed*100+1,k,c,noise)
152 |             theta,names,scales=library_matrix(traj.observations)
153 |             a,b=assemble_weak_system(traj.times,traj.observations[:,1],theta,test_functions(traj.times,n=6))
    |               ^
154 |             singular=np.linalg.svd(a,compute_uv=False)
155 |             if r['method']=='weak':
    |
help: Prefix it with an underscore or any other dummy variable pattern

I001 [*] Import block is un-sorted or un-formatted
  --> scripts/closure/diagnose_wpinn.py:2:1
   |
 1 |   """Retrospective finite interventions; preserves all historical failure values."""
 2 | / import hashlib
 3 | | import json
 4 | | from pathlib import Path
 5 | | import re
 6 | | import sys
 7 | |
 8 | | import numpy as np
 9 | | from world_series.wpinn.library import library_matrix
10 | | from world_series.wpinn.sparse_fit import thresholded_lstsq
11 | | from world_series.wpinn.structured import NAMES, rollout, trapezoid_weights
12 | | from world_series.wpinn.systems import make_trajectory
13 | | from world_series.wpinn.weak_form import test_functions
   | |_______________________________________________________^
help: Organize imports
   |
3  | import json
   - from pathlib import Path
4  | import re
5  | import sys
6  + from pathlib import Path
7  |
8  | import numpy as np
9  +
10 | from world_series.wpinn.library import library_matrix
   |

I001 [*] Import block is un-sorted or un-formatted
 --> scripts/closure/diagnose_wpinn_passive.py:2:1
  |
1 |   """Post-study stiff-solver diagnostic, never a replacement primary estimate."""
2 | / import json
3 | | from pathlib import Path
4 | |
5 | | import numpy as np
6 | | from world_series.wpinn.structured import rollout
  | |_________________________________________________^
7 |
8 |   rows = []
  |
help: Organize imports
  |
5 | import numpy as np
6 +
7 | from world_series.wpinn.structured import rollout
  |

I001 [*] Import block is un-sorted or un-formatted
 --> scripts/closure/map_requirements.py:2:1
  |
1 |   """Index every checklist requirement without converting references into passes."""
2 | / import hashlib
3 | | import json
4 | | from pathlib import Path
5 | | import re
  | |_________^
6 |
7 |   ROOT=Path(__file__).resolve().parents[2]
  |
help: Organize imports
  |
3 | import json
4 + import re
5 | from pathlib import Path
  - import re
6 |
  |

EXE001 Shebang is present but file is not executable
 --> scripts/closure/plot_wfim.py:1:1
  |
1 | #!/usr/bin/env python3
  | ^^^^^^^^^^^^^^^^^^^^^^
2 | """Plot paired seed outcomes; no population confidence claim."""
3 | import hashlib,json
  |

I001 [*] Import block is un-sorted or un-formatted
 --> scripts/closure/plot_wfim.py:3:1
  |
1 |   #!/usr/bin/env python3
2 |   """Plot paired seed outcomes; no population confidence claim."""
3 | / import hashlib,json
4 | | from pathlib import Path
5 | | import numpy as np
6 | | import matplotlib
  | |_________________^
7 |   matplotlib.use("Agg")
8 |   import matplotlib.pyplot as plt
  |
help: Organize imports
   |
2  | """Plot paired seed outcomes; no population confidence claim."""
   - import hashlib,json
3  + import hashlib
4  + import json
5  | from pathlib import Path
   - import numpy as np
6  +
7  | import matplotlib
8  + import numpy as np
9  +
10 | matplotlib.use("Agg")
   |

F401 [*] `numpy` imported but unused
 --> scripts/closure/plot_wfim.py:5:17
  |
3 | import hashlib,json
4 | from pathlib import Path
5 | import numpy as np
  |                 ^^
6 | import matplotlib
7 | matplotlib.use("Agg")
  |
help: Remove unused import: `numpy`
  |
4 | from pathlib import Path
  - import numpy as np
5 | import matplotlib
  |

I001 [*] Import block is un-sorted or un-formatted
  --> scripts/closure/plot_wfim.py:8:1
   |
 6 | import matplotlib
 7 | matplotlib.use("Agg")
 8 | import matplotlib.pyplot as plt
   | ^^^^^^^^^^^^^^^^^^^^^^^^^^^^^^^
 9 | root=Path("campaigns/wfim-coordinate-development-v1")
10 | rows=json.loads((root/"summary.json").read_text())
   |
help: Organize imports
   |
8  | import matplotlib.pyplot as plt
9  +
10 | root=Path("campaigns/wfim-coordinate-development-v1")
   |

I001 [*] Import block is un-sorted or un-formatted
  --> scripts/closure/qapen_study.py:2:1
   |
 1 |   """Serial source-frozen causal lifecycle study with per-stream immutable receipts."""
 2 | / import argparse
 3 | | from collections import deque
 4 | | import fcntl
 5 | | import hashlib
 6 | | import json
 7 | | from pathlib import Path
 8 | | import pickle
 9 | | import sys
10 | | import time
11 | | import traceback
12 | | import numpy as np
13 | | import torch
   | |____________^
14 |
15 |   ROOT=Path(__file__).resolve().parents[2]
   |
help: Organize imports
   |
2  | import argparse
   - from collections import deque
3  | import fcntl
4  | import hashlib
5  | import json
   - from pathlib import Path
6  | import pickle
7  | import sys
8  | import time
9  | import traceback
10 + from collections import deque
11 + from pathlib import Path
12 +
13 | import numpy as np
   |

I001 [*] Import block is un-sorted or un-formatted
  --> scripts/closure/qapen_study.py:17:1
   |
15 |   ROOT=Path(__file__).resolve().parents[2]
16 |   sys.path.insert(0,str(ROOT/'src'))
17 | / from world_series.qapen.causal import CausalLifecycle,FrozenQuantizer,gaussian_nll
18 | | from world_series.core.identity import source_identity
   | |______________________________________________________^
19 |
20 |   SEEDS=[1009,1103,1201,1301,1409,1511,1601,1709]
   |
help: Organize imports
   |
16 | sys.path.insert(0,str(ROOT/'src'))
   - from world_series.qapen.causal import CausalLifecycle,FrozenQuantizer,gaussian_nll
17 | from world_series.core.identity import source_identity
18 + from world_series.qapen.causal import CausalLifecycle, FrozenQuantizer, gaussian_nll
19 |
   |

BLE001 Do not catch blind exception: `Exception`
   --> scripts/closure/qapen_study.py:108:20
    |
106 | …             row.update(time=t,target=y,rare=data['regime'][t]==1,recovery=data['recovery'][t],coverage95=bool(abs(y-row['mean'])<=1…
107 | …             rows.append(row)
108 | …     except Exception as exc:failure={'message':str(exc),'traceback':traceback.format_exc()}
    |              ^^^^^^^^^
109 | …     elapsed=time.perf_counter()-start
110 | …     statefile=output/(key+'-checkpoint.pkl');start_storage=time.perf_counter()
    |

I001 [*] Import block is un-sorted or un-formatted
  --> scripts/closure/qualify_wpinn.py:2:1
   |
 1 |   """Compatibility qualification for pinned official PySINDy, not paper reproduction."""
 2 | / import hashlib
 3 | | import importlib.metadata as metadata
 4 | | import json
 5 | | from pathlib import Path
 6 | | import sys
 7 | |
 8 | | import numpy as np
 9 | | import pysindy as ps
10 | | from scipy.linalg import expm
   | |_____________________________^
help: Organize imports
  |
4 | import json
5 + import sys
6 | from pathlib import Path
  - import sys
7 |
  |

PLR0402 [*] Use `from importlib import metadata` in lieu of alias
 --> scripts/closure/qualify_wpinn.py:3:8
  |
1 | """Compatibility qualification for pinned official PySINDy, not paper reproduction."""
2 | import hashlib
3 | import importlib.metadata as metadata
  |        ^^^^^^^^^^^^^^^^^^^^^^^^^^^^^^
4 | import json
5 | from pathlib import Path
  |
help: Replace with `from importlib import metadata`
  |
2 | import hashlib
  - import importlib.metadata as metadata
3 + from importlib import metadata
4 | import json
  |

EXE001 Shebang is present but file is not executable
 --> scripts/closure/qwipii_certificate_audit.py:1:1
  |
1 | #!/usr/bin/env python3
  | ^^^^^^^^^^^^^^^^^^^^^^
2 | """Exhaustive correctness and cost audit, not a learned-discovery benchmark."""
3 | import argparse
  |

I001 [*] Import block is un-sorted or un-formatted
  --> scripts/closure/qwipii_certificate_audit.py:3:1
   |
 1 |   #!/usr/bin/env python3
 2 |   """Exhaustive correctness and cost audit, not a learned-discovery benchmark."""
 3 | / import argparse
 4 | | import hashlib
 5 | | import json
 6 | | from pathlib import Path
 7 | | import time
 8 | | from world_series.qwipii.verifier import complete_domain, verify_automorphism
 9 | | from world_series.qwipii.group_actions import dihedral_actions
10 | | from world_series.qwipii.search import bfs, certified_quotient_bfs, replay
11 | | from world_series.core.budgets import Budget, BudgetLedger
   | |__________________________________________________________^
help: Organize imports
   |
5  | import json
6  + import time
7  | from pathlib import Path
   - import time
   - from world_series.qwipii.verifier import complete_domain, verify_automorphism
8  +
9  + from world_series.core.budgets import Budget, BudgetLedger
10 | from world_series.qwipii.group_actions import dihedral_actions
11 | from world_series.qwipii.search import bfs, certified_quotient_bfs, replay
   - from world_series.core.budgets import Budget, BudgetLedger
12 + from world_series.qwipii.verifier import complete_domain, verify_automorphism
13 |
   |

C408 Unnecessary `dict()` call (rewrite as a literal)
  --> scripts/closure/qwipii_certificate_audit.py:45:35
   |
43 |                 elapsed = time.perf_counter_ns() - begin
44 |                 assert status == "solved" and replay(start, path).tokens == goal
45 |                 methods[method] = dict(path=path, expansions=expansions, elapsed_ns=elapsed, status=status)
   |                                   ^^^^^^^^^^^^^^^^^^^^^^^^^^^^^^^^^^^^^^^^^^^^^^^^^^^^^^^^^^^^^^^^^^^^^^^^^
46 |             assert len(methods["brute"]["path"]) == len(methods["certified"]["path"])
47 |             rows.append(dict(start=start.serialize(), methods=methods,
   |
help: Rewrite as a literal

C408 Unnecessary `dict()` call (rewrite as a literal)
  --> scripts/closure/qwipii_certificate_audit.py:47:25
   |
45 |                   methods[method] = dict(path=path, expansions=expansions, elapsed_ns=elapsed, status=status)
46 |               assert len(methods["brute"]["path"]) == len(methods["certified"]["path"])
47 |               rows.append(dict(start=start.serialize(), methods=methods,
   |  _________________________^
48 | |                              proposal_verification_ns=verification_ns, accepted=len(certificates)))
   | |__________________________________________________________________________________________________^
49 |       (output / "rows.json").write_text(json.dumps(rows, indent=2) + "\n")
50 |       summary = {"states": len(rows), "all_paths_replay": True, "all_shortest_lengths_match": True,
   |
help: Rewrite as a literal

EXE001 Shebang is present but file is not executable
 --> scripts/closure/qwipii_discovery_study.py:1:1
  |
1 | #!/usr/bin/env python3
  | ^^^^^^^^^^^^^^^^^^^^^^
2 | """Frozen bounded development study; ring size transfer is not new puzzle families."""
3 | import argparse
  |

I001 [*] Import block is un-sorted or un-formatted
  --> scripts/closure/qwipii_discovery_study.py:3:1
   |
 1 |   #!/usr/bin/env python3
 2 |   """Frozen bounded development study; ring size transfer is not new puzzle families."""
 3 | / import argparse
 4 | | import hashlib
 5 | | import json
 6 | | from pathlib import Path
 7 | | import time
 8 | | import numpy as np
 9 | | from world_series.qwipii.discovery import propose_grammar
10 | | from world_series.qwipii.verifier import complete_domain, verify_automorphism
11 | | from world_series.qwipii.learned_discovery import ProposalRanker, proposal_features, certificate_utility, ranked_certificates
12 | | from world_series.qwipii.search import bfs, quotient_bfs, ranking_only_bfs, certified_quotient_bfs, replay
13 | | from world_series.core.budgets import Budget, BudgetLedger
   | |__________________________________________________________^
14 |
15 |   TRAIN = [(0,0,1), (0,1,2), (0,0,1,1), (0,1,0,1), (0,0,1,2)]
   |
help: Organize imports
   |
5  | import json
6  + import time
7  | from pathlib import Path
   - import time
8  +
9  | import numpy as np
10 +
11 + from world_series.core.budgets import Budget, BudgetLedger
12 | from world_series.qwipii.discovery import propose_grammar
13 + from world_series.qwipii.learned_discovery import (
14 +     ProposalRanker,
15 +     certificate_utility,
16 +     proposal_features,
17 +     ranked_certificates,
18 + )
19 + from world_series.qwipii.search import (
20 +     bfs,
21 +     certified_quotient_bfs,
22 +     quotient_bfs,
23 +     ranking_only_bfs,
24 +     replay,
25 + )
26 | from world_series.qwipii.verifier import complete_domain, verify_automorphism
   - from world_series.qwipii.learned_discovery import ProposalRanker, proposal_features, certificate_utility, ranked_certificates
   - from world_series.qwipii.search import bfs, quotient_bfs, ranking_only_bfs, certified_quotient_bfs, replay
   - from world_series.core.budgets import Budget, BudgetLedger
27 |
   |

C408 Unnecessary `dict()` call (rewrite as a literal)
  --> scripts/closure/qwipii_discovery_study.py:51:36
   |
49 |       output.mkdir(parents=True, exist_ok=False)
50 |       source = list(Path("src/world_series/qwipii").glob("*.py")) + [Path(__file__)]
51 |       dump(output / "protocol.json", dict(train=TRAIN, selection=SELECT, held=HELD, seeds=SEEDS,
   |  ____________________________________^
52 | |         source={str(p.relative_to(Path.cwd()) if p.is_absolute() else p):hashlib.sha256(p.read_bytes()).hexdigest() for p in source},
53 | |         verification_budget=4, starts_per_goal=4, probes=3, max_states=1000, max_expansions=1000,
54 | |         ridge_grid=[0.001,0.01,0.1,1.0], selection_rule="minimum proposal utility MSE; ties lower ridge",
55 | |         primary="paired end-to-end elapsed time and solved fraction versus random proposal ordering",
56 | |         costs="per-query probe enumeration, scoring, verification, certificate revalidation, orbit construction and search; training…
57 | |         scope="development ring-size transfer; four fixed held goal patterns, not new puzzle families or independent confirmation",
58 | |         failure="retain failed rows; do not impute timing advantage or change caps; no population significance claim",
59 | |         confirmation="DRAFT_NOT_AUTHORIZED"))
   | |____________________________________________^
60 |       rows = []
61 |       for seed in SEEDS:
   |
help: Rewrite as a literal

C408 Unnecessary `dict()` call (rewrite as a literal)
  --> scripts/closure/qwipii_discovery_study.py:77:31
   |
75 |   …         loss,ridge,model = min(candidates,key=lambda a:(a[0],a[1]))
76 |   …         models[method] = MaskedRanker(model,mask)
77 |   …         details[method] = dict(model=model.to_dict(),mask=mask.tolist(),ridge=ridge,
   |  _____________________________^
78 | | …                                selection_mse=loss,selection_candidates=[[a,b] for a,b,_ in candidates])
   | |_________________________________________________________________________________________________________^
79 |   …     training_ns = time.perf_counter_ns()-begin
80 |   …     dump(output / f"training-{seed}.json",dict(x=x.tolist(),y=y.tolist(),sx=sx.tolist(),sy=sy.tolist(),models=details,elapsed_ns=t…
   |
help: Rewrite as a literal

C408 Unnecessary `dict()` call (rewrite as a literal)
  --> scripts/closure/qwipii_discovery_study.py:80:47
   |
78 | …      selection_mse=loss,selection_candidates=[[a,b] for a,b,_ in candidates])
79 | …rf_counter_ns()-begin
80 | …ing-{seed}.json",dict(x=x.tolist(),y=y.tolist(),sx=sx.tolist(),sy=sy.tolist(),models=details,elapsed_ns=training_ns))
   |                   ^^^^^^^^^^^^^^^^^^^^^^^^^^^^^^^^^^^^^^^^^^^^^^^^^^^^^^^^^^^^^^^^^^^^^^^^^^^^^^^^^^^^^^^^^^^^^^^^^^^
81 | …
82 | …_domain(goal,max_states=1000)
   |
help: Rewrite as a literal

C408 Unnecessary `dict()` call (rewrite as a literal)
   --> scripts/closure/qwipii_discovery_study.py:107:31
    |
105 |   …         elapsed = time.perf_counter_ns()-begin
106 |   …         valid = path is not None and replay(start,path).tokens == goal
107 |   …         row = dict(seed=seed,start=start.serialize(),method=method,path=path,expansions=n,status=status,
    |  _________________^
108 | | …                    replay_ok=valid,elapsed_ns=elapsed,attempts=attempts)
    | |__________________________________________________________________________^
109 |   …     except Exception as exc:
110 |   …         row = dict(seed=seed,start=start.serialize(),method=method,status="failed",error=repr(exc),elapsed_ns=time.perf_counter_n…
    |
help: Rewrite as a literal

BLE001 Do not catch blind exception: `Exception`
   --> scripts/closure/qwipii_discovery_study.py:109:28
    |
107 | …         row = dict(seed=seed,start=start.serialize(),method=method,path=path,expansions=n,status=status,
108 | …                    replay_ok=valid,elapsed_ns=elapsed,attempts=attempts)
109 | …     except Exception as exc:
    |              ^^^^^^^^^
110 | …         row = dict(seed=seed,start=start.serialize(),method=method,status="failed",error=repr(exc),elapsed_ns=time.perf_counter_ns(…
111 | …     rows.append(row)
    |

C408 Unnecessary `dict()` call (rewrite as a literal)
   --> scripts/closure/qwipii_discovery_study.py:110:31
    |
108 | …          replay_ok=valid,elapsed_ns=elapsed,attempts=attempts)
109 | …t Exception as exc:
110 | …ow = dict(seed=seed,start=start.serialize(),method=method,status="failed",error=repr(exc),elapsed_ns=time.perf_counter_ns()-begin)
    |       ^^^^^^^^^^^^^^^^^^^^^^^^^^^^^^^^^^^^^^^^^^^^^^^^^^^^^^^^^^^^^^^^^^^^^^^^^^^^^^^^^^^^^^^^^^^^^^^^^^^^^^^^^^^^^^^^^^^^^^^^^^^^^
111 | …append(row)
112 | …(output / "rows.jsonl").open("a") as handle: handle.write(json.dumps(row,sort_keys=True)+"\n")
    |
help: Rewrite as a literal

C408 Unnecessary `dict()` call (rewrite as a literal)
   --> scripts/closure/qwipii_discovery_study.py:117:27
    |
115 |       for method in sorted({r["method"] for r in rows}):
116 |           selected = [r for r in rows if r["method"]==method]
117 |           summary[method] = dict(cells=len(selected),solved=sum(r.get("replay_ok",False) for r in selected),
    |  ___________________________^
118 | |                                mean_elapsed_ms=float(np.mean([r["elapsed_ns"] for r in selected]))/1e6,
119 | |                                mean_expansions=float(np.mean([r.get("expansions",float("nan")) for r in selected])))
    | |____________________________________________________________________________________________________________________^
120 |       dump(output / "summary.json",summary)
121 |       print(json.dumps(summary))
    |
help: Rewrite as a literal

EXE001 Shebang is present but file is not executable
 --> scripts/closure/replay_wfim_training.py:1:1
  |
1 | #!/usr/bin/env python3
  | ^^^^^^^^^^^^^^^^^^^^^^
2 | """Reconstruct all selection checkpoints without altering the original campaign."""
3 | import argparse, hashlib, json
  |

I001 [*] Import block is un-sorted or un-formatted
 --> scripts/closure/replay_wfim_training.py:3:1
  |
1 |   #!/usr/bin/env python3
2 |   """Reconstruct all selection checkpoints without altering the original campaign."""
3 | / import argparse, hashlib, json
4 | | from pathlib import Path
5 | | import torch
6 | | from world_series.wfim.learning import CompositionModel
7 | | from source_paths import source_path
  | |____________________________________^
help: Organize imports
   |
2  | """Reconstruct all selection checkpoints without altering the original campaign."""
   - import argparse, hashlib, json
3  + import argparse
4  + import hashlib
5  + import json
6  | from pathlib import Path
7  +
8  | import torch
9  + from source_paths import source_path
10 +
11 | from world_series.wfim.learning import CompositionModel
   - from source_paths import source_path
12 |
   |

C408 Unnecessary `dict()` call (rewrite as a literal)
  --> scripts/closure/replay_wfim_training.py:34:31
   |
32 |             if step in [50,100,150]:
33 |                 with torch.no_grad():score=float((model(tokens[masks["selection"]])-target[masks["selection"]]).square().mean())
34 |                 scores.append(dict(step=step,mse=score))
   |                               ^^^^^^^^^^^^^^^^^^^^^^^^^
35 |                 if score<best:
36 |                     best=score;chosen=step;state={k:v.detach().clone() for k,v in model.state_dict().items()}
   |
help: Rewrite as a literal

C408 Unnecessary `dict()` call (rewrite as a literal)
  --> scripts/closure/replay_wfim_training.py:40:17
   |
38 |           assert chosen==saved["selected_step"] and best==saved["selection_mse"]
39 |           assert state.keys()==original.keys() and all(torch.equal(v,original[k]) for k,v in state.items())
40 |           receipt=dict(name=name,training_losses_exact=True,selected_state_exact=True,selected_step=chosen,selection_scores=scores,
   |  _________________^
41 | |                      original_checkpoint_sha256=hashlib.sha256((root/f"{name}.pt").read_bytes()).hexdigest())
   | |_____________________________________________________________________________________________________________^
42 |           (output/f"{name}.json").write_text(json.dumps(receipt,indent=2)+"\n")
43 |           receipts.append(receipt);print(name,flush=True)
   |
help: Rewrite as a literal

C408 Unnecessary `dict()` call (rewrite as a literal)
  --> scripts/closure/replay_wfim_training.py:44:51
   |
42 | …on.dumps(receipt,indent=2)+"\n")
43 | …lush=True)
44 | …umps(dict(models=len(receipts),training_updates=150*len(receipts),selection_scores=3*len(receipts),all_exact=True,scope="same-host replay; not independent confirmation"),inde…
   |       ^^^^^^^^^^^^^^^^^^^^^^^^^^^^^^^^^^^^^^^^^^^^^^^^^^^^^^^^^^^^^^^^^^^^^^^^^^^^^^^^^^^^^^^^^^^^^^^^^^^^^^^^^^^^^^^^^^^^^^^^^^^^^^^^^^^^^^^^^^^^^^^^^^^^^^^^^^^^^^^^^^^^
help: Rewrite as a literal

I001 [*] Import block is un-sorted or un-formatted
 --> scripts/closure/report_gates.py:2:1
  |
1 |   """Reconcile interrupted diagnostic work and report the complete factorial."""
2 | / from collections import defaultdict
3 | | import hashlib
4 | | import json
5 | | from pathlib import Path
6 | | import sys
7 | | import numpy as np
  | |__________________^
8 |
9 |   ROOT=Path(__file__).resolve().parents[2]
  |
help: Organize imports
  |
1 | """Reconcile interrupted diagnostic work and report the complete factorial."""
  - from collections import defaultdict
2 | import hashlib
3 | import json
  - from pathlib import Path
4 | import sys
5 + from collections import defaultdict
6 + from pathlib import Path
7 +
8 | import numpy as np
  |

I001 [*] Import block is un-sorted or un-formatted
  --> scripts/closure/time_wft.py:2:1
   |
 1 |   """Separate reproducible-order timing audit over unchanged frozen WFT models."""
 2 | / import hashlib
 3 | | import json
 4 | | from pathlib import Path
 5 | | import resource
 6 | | import sys
 7 | | import time
 8 | | import numpy as np
 9 | | import torch
   | |____________^
10 |
11 |   ROOT=Path(__file__).resolve().parents[2]
   |
help: Organize imports
  |
3 | import json
  - from pathlib import Path
4 | import resource
5 | import sys
6 | import time
7 + from pathlib import Path
8 +
9 | import numpy as np
  |

I001 [*] Import block is un-sorted or un-formatted
  --> scripts/closure/time_wft.py:13:1
   |
11 |   ROOT=Path(__file__).resolve().parents[2]
12 |   sys.path.insert(0,str(ROOT/'src'))
13 | / from world_series.core.identity import source_identity
14 | | from world_series.wft.constraints import DiffusionField,domain,spectral_projection
   | |__________________________________________________________________________________^
help: Organize imports
   |
13 | from world_series.core.identity import source_identity
   - from world_series.wft.constraints import DiffusionField,domain,spectral_projection
14 + from world_series.wft.constraints import DiffusionField, domain, spectral_projection
15 |
   |

I001 [*] Import block is un-sorted or un-formatted
  --> scripts/closure/wcode_study.py:2:1
   |
 1 |   """Train matched program encoders and evaluate charged finite-domain search."""
 2 | / import argparse
 3 | | import copy
 4 | | from dataclasses import asdict
 5 | | import fcntl
 6 | | import hashlib
 7 | | import json
 8 | | from pathlib import Path
 9 | | import sys
10 | | import time
11 | | import traceback
12 | | import numpy as np
13 | | import torch
   | |____________^
14 |
15 |   ROOT=Path(__file__).resolve().parents[2]
   |
help: Organize imports
   |
3  | import copy
   - from dataclasses import asdict
4  | import fcntl
5  | import hashlib
6  | import json
   - from pathlib import Path
7  | import sys
8  | import time
9  | import traceback
10 + from dataclasses import asdict
11 + from pathlib import Path
12 +
13 | import numpy as np
   |

I001 [*] Import block is un-sorted or un-formatted
  --> scripts/closure/wcode_study.py:17:1
   |
15 |   ROOT=Path(__file__).resolve().parents[2]
16 |   sys.path.insert(0,str(ROOT/'src'))
17 | / from world_series.core.identity import source_identity
18 | | from world_series.wcode.learned import DOMAIN,MODES,ProgramScorer,pack_programs,program_pool,public_tensor
19 | | from world_series.wcode.dsl import ast_nodes
20 | | from world_series.wcode.interpreter import interpret,Fuel
   | |_________________________________________________________^
21 |
22 |   SEEDS=[2017,2027,2039,2053,2063,2081,2087,2099]
   |
help: Organize imports
   |
17 | from world_series.core.identity import source_identity
   - from world_series.wcode.learned import DOMAIN,MODES,ProgramScorer,pack_programs,program_pool,public_tensor
18 | from world_series.wcode.dsl import ast_nodes
   - from world_series.wcode.interpreter import interpret,Fuel
19 + from world_series.wcode.interpreter import Fuel, interpret
20 + from world_series.wcode.learned import (
21 +     DOMAIN,
22 +     MODES,
23 +     ProgramScorer,
24 +     pack_programs,
25 +     program_pool,
26 +     public_tensor,
27 + )
28 |
   |

EXE001 Shebang is present but file is not executable
 --> scripts/closure/wfim_learning_study.py:1:1
  |
1 | #!/usr/bin/env python3
  | ^^^^^^^^^^^^^^^^^^^^^^
2 | import argparse, hashlib, itertools, json, time
3 | from pathlib import Path
  |

I001 [*] Import block is un-sorted or un-formatted
 --> scripts/closure/wfim_learning_study.py:2:1
  |
1 |   #!/usr/bin/env python3
2 | / import argparse, hashlib, itertools, json, time
3 | | from pathlib import Path
4 | | import torch
5 | | from world_series.wfim.learning import CompositionModel
  | |_______________________________________________________^
help: Organize imports
   |
1  | #!/usr/bin/env python3
   - import argparse, hashlib, itertools, json, time
2  + import argparse
3  + import hashlib
4  + import itertools
5  + import json
6  + import time
7  | from pathlib import Path
8  +
9  | import torch
10 +
11 | from world_series.wfim.learning import CompositionModel
   |

C408 Unnecessary `dict()` call (rewrite as a literal)
  --> scripts/closure/wfim_learning_study.py:17:33
   |
15 |       kinds=["learned_coordinates","identity_coordinates","vector","bilinear","binding"]
16 |       source=list(Path("src/world_series/wfim").glob("*.py"))+[Path(__file__)]
17 |       save(output/"protocol.json",dict(seeds=seeds,kinds=kinds,steps=150,checkpoints=[50,100,150],
   |  _________________________________^
18 | |         optimizer="Adam lr 0.01, full batch, float64 CPU",degree=6,decoder_width=32,storage_cap=1048576,
19 | |         primary="held-template and held-length MSE; finite exhaustive binary words, not independent real datasets",
20 | |         tasks=["frequency of contiguous 001","fraction of ones (order-insensitive control)"],
21 | |         split="length 2..6, prefix 001 or 110 held templates; other words sha256 first byte modulo 5 zero selection; length 7..8 hel…
22 | |         cost="training selection and inference measured; payload and actual checkpoint bytes retained",
23 | |         caveat="common byte cap and equal decoder/representation dimension; unequal encoder capacity disclosed",
24 | |         confirmation="DRAFT_NOT_AUTHORIZED",source={str(p):hashlib.sha256(p.read_bytes()).hexdigest() for p in source}))
   | |_______________________________________________________________________________________________________________________^
25 |       words=[w for n in range(2,9) for w in itertools.product(range(2),repeat=n)]
26 |       splits=[]
   |
help: Rewrite as a literal

C408 Unnecessary `dict()` call (rewrite as a literal)
  --> scripts/closure/wfim_learning_study.py:35:29
   |
33 |     tokens=torch.full((len(words),8),-1,dtype=torch.long)
34 |     for i,w in enumerate(words):tokens[i,:len(w)]=torch.tensor(w)
35 |     save(output/"data.json",dict(words=words,splits=splits))
   |                             ^^^^^^^^^^^^^^^^^^^^^^^^^^^^^^^
36 |     masks={s:torch.tensor([v==s for v in splits]) for s in set(splits)}
37 |     results=[]
   |
help: Rewrite as a literal

C408 Unnecessary `dict()` call (rewrite as a literal)
  --> scripts/closure/wfim_learning_study.py:60:15
   |
58 |   …     with torch.no_grad():pred=model(tokens);norm=model.encode(tokens).abs().sum(-1)
59 |   …     infer_ns=time.perf_counter_ns()-begin
60 |   …     row=dict(seed=seed,task=task,kind=kind,selected_step=selected_step,selection_mse=best,training_ns=train_ns,inference_and_norm_…
   |  ___________^
61 | | …              storage=storage,checkpoint_bytes=(output/f"{name}.pt").stat().st_size,
62 | | …              mse={s:float((pred[m]-target[m]).square().mean()) for s,m in masks.items()})
   | |___________________________________________________________________________________________^
63 |   …     save(output/f"{name}.json",dict(**row,history=history,predictions=pred.tolist(),targets=target.tolist(),norm_l1=norm.tolist()))
64 |   …     results.append(row);print(name,flush=True)
   |
help: Rewrite as a literal

I001 [*] Import block is un-sorted or un-formatted
  --> scripts/closure/wft_study.py:2:1
   |
 1 |   """Serial constraint ablation and genuinely frozen graph/resolution transfer."""
 2 | / import argparse
 3 | | import fcntl
 4 | | import hashlib
 5 | | import json
 6 | | from pathlib import Path
 7 | | import sys
 8 | | import time
 9 | | import traceback
10 | | import numpy as np
11 | | import torch
   | |____________^
12 |
13 |   ROOT=Path(__file__).resolve().parents[2]
   |
help: Organize imports
   |
5  | import json
   - from pathlib import Path
6  | import sys
7  | import time
8  | import traceback
9  + from pathlib import Path
10 +
11 | import numpy as np
   |

I001 [*] Import block is un-sorted or un-formatted
  --> scripts/closure/wft_study.py:15:1
   |
13 |   ROOT=Path(__file__).resolve().parents[2]
14 |   sys.path.insert(0,str(ROOT/'src'))
15 | / from world_series.core.identity import source_identity
16 | | from world_series.wft.constraints import DiffusionField,domain,teacher,spectral_projection
   | |__________________________________________________________________________________________^
17 |
18 |   SEEDS=[2203,2213,2221,2237,2243,2251,2267,2269]
   |
help: Organize imports
   |
15 | from world_series.core.identity import source_identity
   - from world_series.wft.constraints import DiffusionField,domain,teacher,spectral_projection
16 + from world_series.wft.constraints import DiffusionField, domain, spectral_projection, teacher
17 |
   |

I001 [*] Import block is un-sorted or un-formatted
  --> scripts/closure/wpinn_study.py:2:1
   |
 1 |   """Frozen, observed-only structured oscillator development protocol."""
 2 | / import argparse
 3 | | import hashlib
 4 | | import json
 5 | | import os
 6 | | from pathlib import Path
 7 | | import subprocess
 8 | | import time
 9 | | import traceback
10 | | import warnings
11 | |
12 | | import numpy as np
13 | | import pysindy as ps
14 | | import torch
15 | |
16 | | from world_series.wpinn.structured import (
17 | |     NAMES, derivative_system, neural_observations, rollout, sparse_fit,
18 | |     spline_observations, weak_system,
19 | | )
20 | | from world_series.wpinn.systems import simulate_oscillator
   | |__________________________________________________________^
21 |
22 |   SEEDS = [2503, 2521, 2531, 2539, 2543, 2549, 2551, 2557]
   |
help: Organize imports
   |
5  | import os
   - from pathlib import Path
6  | import subprocess
7  | import time
8  | import traceback
9  | import warnings
10 + from pathlib import Path
11 |
--------------------------------------------------------------------------------
16 | from world_series.wpinn.structured import (
   -     NAMES, derivative_system, neural_observations, rollout, sparse_fit,
   -     spline_observations, weak_system,
17 +     NAMES,
18 +     derivative_system,
19 +     neural_observations,
20 +     rollout,
21 +     sparse_fit,
22 +     spline_observations,
23 +     weak_system,
24 | )
   |

F401 [*] `os` imported but unused
 --> scripts/closure/wpinn_study.py:5:8
  |
3 | import hashlib
4 | import json
5 | import os
  |        ^^
6 | from pathlib import Path
7 | import subprocess
  |
help: Remove unused import: `os`
  |
4 | import json
  - import os
5 | from pathlib import Path
  |

EXE001 Shebang is present but file is not executable
 --> scripts/evaluate_celo2.py:1:1
  |
1 | #!/usr/bin/env python3
  | ^^^^^^^^^^^^^^^^^^^^^^
2 | """Official Celo2 update with PyTorch optimizee gradients; no algorithm port."""
3 | import argparse
  |

I001 [*] Import block is un-sorted or un-formatted
  --> scripts/evaluate_celo2.py:3:1
   |
 1 |   #!/usr/bin/env python3
 2 |   """Official Celo2 update with PyTorch optimizee gradients; no algorithm port."""
 3 | / import argparse
 4 | | import hashlib
 5 | | import json
 6 | | import os
 7 | | from pathlib import Path
 8 | | import sys
 9 | | import time
   | |___________^
10 |
11 |   ROOT = Path(__file__).resolve().parents[1]
   |
help: Organize imports
   |
6  | import os
   - from pathlib import Path
7  | import sys
8  | import time
9  + from pathlib import Path
10 |
   |

F401 [*] `os` imported but unused
 --> scripts/evaluate_celo2.py:6:8
  |
4 | import hashlib
5 | import json
6 | import os
  |        ^^
7 | from pathlib import Path
8 | import sys
  |
help: Remove unused import: `os`
  |
5 | import json
  - import os
6 | from pathlib import Path
  |

I001 [*] Import block is un-sorted or un-formatted
  --> scripts/evaluate_celo2.py:14:1
   |
12 | # Isolated external dependencies; preserve the reference environment's torch.
13 | sys.path.append(str(ROOT / '.venv-celo2/lib/python3.12/site-packages'))
14 | import jax
   | ^^^^^^^^^^
15 | jax.config.update('jax_enable_x64', True)
16 | import jax.numpy as jnp
   |
help: Organize imports
   |
14 | import jax
15 +
16 | jax.config.update('jax_enable_x64', True)
   |

I001 [*] Import block is un-sorted or un-formatted
  --> scripts/evaluate_celo2.py:16:1
   |
14 |   import jax
15 |   jax.config.update('jax_enable_x64', True)
16 | / import jax.numpy as jnp
17 | | import numpy as np
18 | | import optax
19 | | import torch
20 | | from celo2_optax import load_checkpoint, scale_by_celo2
21 | | from world_series.qlearn.natural_study import natural_tasks
22 | | from world_series.qlearn.regression import trajectory_record
   | |____________________________________________________________^
23 |
24 |   torch.set_num_threads(1)
   |
help: Organize imports
   |
20 | from celo2_optax import load_checkpoint, scale_by_celo2
21 +
22 | from world_series.qlearn.natural_study import natural_tasks
   |

C408 Unnecessary `dict()` call (rewrite as a literal)
  --> scripts/evaluate_celo2.py:56:11
   |
54 |           if not np.isfinite(support[-1]) or support[-1] / task.scale > 1e6:
55 |               break
56 |       raw = dict(query_losses=curve, support_losses=support, elapsed_seconds=elapsed,
   |  ___________^
57 | |                gradient_evaluations=len(support), forward_evaluations=1+2*len(support))
   | |_______________________________________________________________________________________^
58 |       row = trajectory_record(task, 'official_celo2', raw, steps)
59 |       with torch.no_grad():
   |
help: Rewrite as a literal

EXE001 Shebang is present but file is not executable
 --> scripts/falsify_preserved.py:1:1
  |
1 | #!/usr/bin/env python3
  | ^^^^^^^^^^^^^^^^^^^^^^
2 | """Write new falsification receipts without replacing historical outcomes."""
3 | import argparse
  |

I001 [*] Import block is un-sorted or un-formatted
  --> scripts/falsify_preserved.py:3:1
   |
 1 |   #!/usr/bin/env python3
 2 |   """Write new falsification receipts without replacing historical outcomes."""
 3 | / import argparse
 4 | | import hashlib
 5 | | import json
 6 | | from pathlib import Path
 7 | | from world_series.core.identity import source_identity
 8 | | from world_series.evaluation.falsify import run_all_controls
   | |____________________________________________________________^
 9 |
10 |   ROOT=Path(__file__).resolve().parents[1]
   |
help: Organize imports
  |
6 | from pathlib import Path
7 +
8 | from world_series.core.identity import source_identity
  |

EXE001 Shebang is present but file is not executable
 --> scripts/plot_development.py:1:1
  |
1 | #!/usr/bin/env python3
  | ^^^^^^^^^^^^^^^^^^^^^^
2 | """Plots from generated CSVs only. Run in the isolated analysis environment."""
3 | import csv
  |

I001 [*] Import block is un-sorted or un-formatted
 --> scripts/plot_development.py:3:1
  |
1 |   #!/usr/bin/env python3
2 |   """Plots from generated CSVs only. Run in the isolated analysis environment."""
3 | / import csv
4 | | from pathlib import Path
5 | | import matplotlib
  | |_________________^
6 |   matplotlib.use('Agg')
7 |   import matplotlib.pyplot as plt
  |
help: Organize imports
  |
4 | from pathlib import Path
5 +
6 | import matplotlib
7 +
8 | matplotlib.use('Agg')
  |

EXE001 Shebang is present but file is not executable
 --> scripts/refresh_status.py:1:1
  |
1 | #!/usr/bin/env python3
  | ^^^^^^^^^^^^^^^^^^^^^^
2 | """Current status views derived from named, verified evidence; archive old root views."""
3 | from pathlib import Path
  |

I001 [*] Import block is un-sorted or un-formatted
 --> scripts/refresh_status.py:3:1
  |
1 |   #!/usr/bin/env python3
2 |   """Current status views derived from named, verified evidence; archive old root views."""
3 | / from pathlib import Path
4 | | import json
5 | | import shutil
  | |_____________^
6 |
7 |   ROOT=Path(__file__).resolve().parents[1]
  |
help: Organize imports
  |
2 | """Current status views derived from named, verified evidence; archive old root views."""
  - from pathlib import Path
3 | import json
4 | import shutil
5 + from pathlib import Path
6 |
  |

EXE001 Shebang is present but file is not executable
 --> scripts/replay_meta_training.py:1:1
  |
1 | #!/usr/bin/env python3
  | ^^^^^^^^^^^^^^^^^^^^^^
2 | """Replay all 400 original learned-policy trials using archived source and arrays."""
3 | import argparse
  |

I001 [*] Import block is un-sorted or un-formatted
  --> scripts/replay_meta_training.py:3:1
   |
 1 |   #!/usr/bin/env python3
 2 |   """Replay all 400 original learned-policy trials using archived source and arrays."""
 3 | / import argparse
 4 | | import hashlib
 5 | | import io
 6 | | import json
 7 | | from pathlib import Path
 8 | | import sys
 9 | | import time
10 | | import numpy as np
11 | | import torch
   | |____________^
12 |
13 |   ROOT = Path(__file__).resolve().parents[1]
   |
help: Organize imports
   |
6  | import json
   - from pathlib import Path
7  | import sys
8  | import time
9  + from pathlib import Path
10 +
11 | import numpy as np
   |

I001 [*] Import block is un-sorted or un-formatted
  --> scripts/replay_meta_training.py:26:5
   |
24 |   def main(archive_source, output):
25 |       sys.path.insert(0, str(archive_source / 'src'))
26 | /     from world_series.qlearn.regression import RegressionTask, RecurrentUpdatePolicy, MetaTrainer
27 | |     from world_series.qlearn.regression_study import VARIANTS
28 | |     from world_series.core.identity import source_identity
   | |__________________________________________________________^
29 |       expected_source = '6a0fa8d2eff817671edba7a1fc806928f46fadb2a2c10a72e7ffc39f1659b924'
30 |       assert source_identity(archive_source)['content_hash'] == expected_source
   |
help: Organize imports
   |
25 |     sys.path.insert(0, str(archive_source / 'src'))
   -     from world_series.qlearn.regression import RegressionTask, RecurrentUpdatePolicy, MetaTrainer
26 +     from world_series.core.identity import source_identity
27 +     from world_series.qlearn.regression import MetaTrainer, RecurrentUpdatePolicy, RegressionTask
28 |     from world_series.qlearn.regression_study import VARIANTS
   -     from world_series.core.identity import source_identity
29 |     expected_source = '6a0fa8d2eff817671edba7a1fc806928f46fadb2a2c10a72e7ffc39f1659b924'
   |

EXE001 Shebang is present but file is not executable
 --> scripts/reproduce_review.py:1:1
  |
1 | #!/usr/bin/env python3
  | ^^^^^^^^^^^^^^^^^^^^^^
2 | """Reproduce an isolated review package without installing into the caller's env."""
3 | import argparse
  |

I001 [*] Import block is un-sorted or un-formatted
  --> scripts/reproduce_review.py:3:1
   |
 1 |   #!/usr/bin/env python3
 2 |   """Reproduce an isolated review package without installing into the caller's env."""
 3 | / import argparse
 4 | | import hashlib
 5 | | import json
 6 | | import os
 7 | | from pathlib import Path
 8 | | import subprocess
 9 | | import sys
10 | | import time
11 | |
12 | | from build_delivery import main as build
13 | | from verify_delivery import main as verify
   | |__________________________________________^
help: Organize imports
   |
6  | import os
   - from pathlib import Path
7  | import subprocess
8  | import sys
9  | import time
10 + from pathlib import Path
11 |
   |

PLW1510 `subprocess.run` without explicit `check` argument
  --> scripts/reproduce_review.py:45:21
   |
43 |         with log.open('w') as handle:
44 |             try:
45 |                 run=subprocess.run([sys.executable,*parts],cwd=root,env=env,stdout=handle,stderr=subprocess.STDOUT,timeout=1800)
   |                     ^^^^^^^^^^^^^^
46 |                 code=run.returncode
47 |             except subprocess.TimeoutExpired:
   |
help: Add explicit `check=False`

C408 Unnecessary `dict()` call (rewrite as a literal)
  --> scripts/reproduce_review.py:49:25
   |
47 |   …         except subprocess.TimeoutExpired:
48 |   …             code=124
49 |   …     receipts.append(dict(step=name,argv=[sys.executable,*parts],cwd=str(root),exit_code=code,
   |  _______________________^
50 | | …                          seconds=time.monotonic()-start,log=log.name,
51 | | …                          log_sha256=hashlib.sha256(log.read_bytes()).hexdigest()))
   | |___________________________________________________________________________________^
52 |   …     result=dict(passed=all(r['exit_code']==0 for r in receipts),commands=receipts,
53 |   …                 scope='Isolated archive source and preserved data using caller dependency environment; not independent replication…
   |
help: Rewrite as a literal

C408 Unnecessary `dict()` call (rewrite as a literal)
  --> scripts/reproduce_review.py:52:16
   |
50 |   …                   seconds=time.monotonic()-start,log=log.name,
51 |   …                   log_sha256=hashlib.sha256(log.read_bytes()).hexdigest()))
52 |   …sult=dict(passed=all(r['exit_code']==0 for r in receipts),commands=receipts,
   |  _______^
53 | | …          scope='Isolated archive source and preserved data using caller dependency environment; not independent replication or all nine full retrainings.')
   | |_____________________________________________________________________________________________________________________________________________________________^
54 |   …ut/'reproduction.json').write_text(json.dumps(result,indent=2)+'\n')
55 |   …int(json.dumps(receipts[-1]),flush=True)
   |
help: Rewrite as a literal

EXE001 Shebang is present but file is not executable
 --> scripts/restore_delivery.py:1:1
  |
1 | #!/usr/bin/env python3
  | ^^^^^^^^^^^^^^^^^^^^^^
2 | """Restore a fresh Git checkout plus all evidence from a verified extraction."""
3 | import argparse
  |

I001 [*] Import block is un-sorted or un-formatted
 --> scripts/restore_delivery.py:3:1
  |
1 |   #!/usr/bin/env python3
2 |   """Restore a fresh Git checkout plus all evidence from a verified extraction."""
3 | / import argparse
4 | | import hashlib
5 | | import json
6 | | from pathlib import Path, PurePosixPath
7 | | import shutil
8 | | import subprocess
  | |_________________^
help: Organize imports
  |
5 | import json
  - from pathlib import Path, PurePosixPath
6 | import shutil
7 | import subprocess
8 + from pathlib import Path, PurePosixPath
9 |
  |

EXE001 Shebang is present but file is not executable
 --> scripts/run_development.py:1:1
  |
1 | #!/usr/bin/env python3
  | ^^^^^^^^^^^^^^^^^^^^^^
2 | """Single-worker, source/config-bound campaign with verified completed-cell resume."""
3 | import argparse
  |

I001 [*] Import block is un-sorted or un-formatted
  --> scripts/run_development.py:3:1
   |
 1 |   #!/usr/bin/env python3
 2 |   """Single-worker, source/config-bound campaign with verified completed-cell resume."""
 3 | / import argparse
 4 | | import fcntl
 5 | | import hashlib
 6 | | import json
 7 | | from pathlib import Path
 8 | | import time
 9 | | import traceback
10 | | import torch
11 | | from world_series.core.identity import source_identity, hash_mapping
12 | | from world_series.core.contracts import RunStatus
13 | | from world_series.evaluation.runner import create_run
14 | | from world_series.projects import dispatch_run
   | |______________________________________________^
15 |
16 |   ROOT = Path(__file__).resolve().parents[1]
   |
help: Organize imports
   |
6  | import json
   - from pathlib import Path
7  | import time
8  | import traceback
9  + from pathlib import Path
10 +
11 | import torch
   - from world_series.core.identity import source_identity, hash_mapping
12 +
13 | from world_series.core.contracts import RunStatus
14 + from world_series.core.identity import hash_mapping, source_identity
15 | from world_series.evaluation.runner import create_run
   |

EXE001 Shebang is present but file is not executable
 --> scripts/verify_delivery.py:1:1
  |
1 | #!/usr/bin/env python3
  | ^^^^^^^^^^^^^^^^^^^^^^
2 | """Standalone archive verification with optional safe fresh extraction."""
3 | import argparse
  |

I001 [*] Import block is un-sorted or un-formatted
 --> scripts/verify_delivery.py:3:1
  |
1 |   #!/usr/bin/env python3
2 |   """Standalone archive verification with optional safe fresh extraction."""
3 | / import argparse
4 | | import hashlib
5 | | import json
6 | | from pathlib import Path, PurePosixPath
7 | | import subprocess
8 | | import tarfile
9 | | import tempfile
  | |_______________^
help: Organize imports
   |
5  | import json
   - from pathlib import Path, PurePosixPath
6  | import subprocess
7  | import tarfile
8  | import tempfile
9  + from pathlib import Path, PurePosixPath
10 |
   |

I001 [*] Import block is un-sorted or un-formatted
  --> src/world_series/cli.py:3:1
   |
 1 |   """CLI: doctor, validate-config, run, compare, report, smoke-all, demo."""
 2 |
 3 | / from __future__ import annotations
 4 | |
 5 | | import argparse
 6 | | import json
 7 | | import sys
 8 | | import traceback
 9 | | from pathlib import Path
10 | | from typing import Optional
11 | |
12 | | from world_series import PROJECT_NAMESPACES, __version__
13 | | from world_series.core.config import load_and_validate
14 | | from world_series.core.contracts import ErrorCode, RunStatus, WorldSeriesError
15 | | from world_series.core.devices import probe_devices, select_device
16 | | from world_series.core.registry import get_registry
17 | | from world_series.ultron.capabilities import bootstrap_adapters
18 | | from world_series.evaluation.reports import write_report
19 | | from world_series.evaluation.runner import create_run, load_run
20 | | from world_series.projects import dispatch_run
21 | | from world_series.evaluation.falsify import run_all_controls
   | |____________________________________________________________^
help: Organize imports
   |
16 | from world_series.core.registry import get_registry
   - from world_series.ultron.capabilities import bootstrap_adapters
17 + from world_series.evaluation.falsify import run_all_controls
18 | from world_series.evaluation.reports import write_report
19 | from world_series.evaluation.runner import create_run, load_run
20 | from world_series.projects import dispatch_run
   - from world_series.evaluation.falsify import run_all_controls
21 + from world_series.ultron.capabilities import bootstrap_adapters
22 |
   |

RUF034 Useless `if`-`else` condition
  --> src/world_series/cli.py:61:46
   |
59 |     cfg = load_and_validate(Path(args.config))
60 |     device = select_device(cfg["device"])
61 |     run = create_run(root, cfg, device_dtype=device.dtype if device.name == "cpu" else device.dtype)
   |                                              ^^^^^^^^^^^^^^^^^^^^^^^^^^^^^^^^^^^^^^^^^^^^^^^^^^^^^^
62 |     run.append_event("start", {"config": str(Path(args.config).resolve())})
63 |     run.set_status(RunStatus.RUNNING)
   |

UP045 [*] Use `X | None` for type annotations
   --> src/world_series/cli.py:210:16
    |
210 | def main(argv: Optional[list[str]] = None) -> int:
    |                ^^^^^^^^^^^^^^^^^^^
211 |     parser = build_parser()
212 |     args = parser.parse_args(argv)
    |
help: Convert to `X | None`
    |
209 |
    - def main(argv: Optional[list[str]] = None) -> int:
210 + def main(argv: list[str] | None = None) -> int:
211 |     parser = build_parser()
    |

UP007 Use `X | Y` for type annotations
  --> src/world_series/core/artifacts.py:12:12
   |
10 | from world_series.core.contracts import ArtifactRef, ErrorCode, WorldSeriesError
11 |
12 | PathLike = Union[str, Path]
   |            ^^^^^^^^^^^^^^^^
help: Convert to `X | Y`

UP045 [*] Use `X | None` for type annotations
  --> src/world_series/core/budgets.py:52:43
   |
50 |         self.artifact_bytes += n
51 |
52 |     def refuse_allocation(self, *, nodes: Optional[int] = None, degree: Optional[int] = None,
   |                                           ^^^^^^^^^^^^^
53 |                           depth: Optional[int] = None, experts: Optional[int] = None) -> None:
54 |         if nodes is not None and nodes > self.budget.max_graph_nodes:
   |
help: Convert to `X | None`
   |
51 |
   -     def refuse_allocation(self, *, nodes: Optional[int] = None, degree: Optional[int] = None,
52 +     def refuse_allocation(self, *, nodes: int | None = None, degree: Optional[int] = None,
53 |                           depth: Optional[int] = None, experts: Optional[int] = None) -> None:
   |

UP045 [*] Use `X | None` for type annotations
  --> src/world_series/core/budgets.py:52:73
   |
50 |         self.artifact_bytes += n
51 |
52 |     def refuse_allocation(self, *, nodes: Optional[int] = None, degree: Optional[int] = None,
   |                                                                         ^^^^^^^^^^^^^
53 |                           depth: Optional[int] = None, experts: Optional[int] = None) -> None:
54 |         if nodes is not None and nodes > self.budget.max_graph_nodes:
   |
help: Convert to `X | None`
   |
51 |
   -     def refuse_allocation(self, *, nodes: Optional[int] = None, degree: Optional[int] = None,
52 +     def refuse_allocation(self, *, nodes: Optional[int] = None, degree: int | None = None,
53 |                           depth: Optional[int] = None, experts: Optional[int] = None) -> None:
   |

UP045 [*] Use `X | None` for type annotations
  --> src/world_series/core/budgets.py:53:34
   |
52 |     def refuse_allocation(self, *, nodes: Optional[int] = None, degree: Optional[int] = None,
53 |                           depth: Optional[int] = None, experts: Optional[int] = None) -> None:
   |                                  ^^^^^^^^^^^^^
54 |         if nodes is not None and nodes > self.budget.max_graph_nodes:
55 |             raise WorldSeriesError(
   |
help: Convert to `X | None`
   |
52 |     def refuse_allocation(self, *, nodes: Optional[int] = None, degree: Optional[int] = None,
   -                           depth: Optional[int] = None, experts: Optional[int] = None) -> None:
53 +                           depth: int | None = None, experts: Optional[int] = None) -> None:
54 |         if nodes is not None and nodes > self.budget.max_graph_nodes:
   |

UP045 [*] Use `X | None` for type annotations
  --> src/world_series/core/budgets.py:53:65
   |
52 |     def refuse_allocation(self, *, nodes: Optional[int] = None, degree: Optional[int] = None,
53 |                           depth: Optional[int] = None, experts: Optional[int] = None) -> None:
   |                                                                 ^^^^^^^^^^^^^
54 |         if nodes is not None and nodes > self.budget.max_graph_nodes:
55 |             raise WorldSeriesError(
   |
help: Convert to `X | None`
   |
52 |     def refuse_allocation(self, *, nodes: Optional[int] = None, degree: Optional[int] = None,
   -                           depth: Optional[int] = None, experts: Optional[int] = None) -> None:
53 +                           depth: Optional[int] = None, experts: int | None = None) -> None:
54 |         if nodes is not None and nodes > self.budget.max_graph_nodes:
   |

I001 [*] Import block is un-sorted or un-formatted
  --> src/world_series/core/config.py:3:1
   |
 1 |   """Configuration loading and validation."""
 2 |
 3 | / from __future__ import annotations
 4 | |
 5 | | from pathlib import Path
 6 | | import json
 7 | | from typing import Any
 8 | |
 9 | | import yaml
10 | |
11 | | from world_series.core.contracts import Budget, ErrorCode, WorldSeriesError
12 | | from world_series import PROJECT_NAMESPACES
   | |___________________________________________^
help: Organize imports
   |
4  |
5  + import json
6  | from pathlib import Path
   - import json
7  | from typing import Any
8  |
9  | import yaml
10 |
   - from world_series.core.contracts import Budget, ErrorCode, WorldSeriesError
11 | from world_series import PROJECT_NAMESPACES
   -
12 + from world_series.core.contracts import Budget, ErrorCode, WorldSeriesError
13 |
   |

UP035 [*] Import from `collections.abc` instead: `Mapping`, `MutableMapping`, `Sequence`
 --> src/world_series/core/contracts.py:7:1
  |
5 | from dataclasses import asdict, dataclass, field
6 | from enum import Enum
7 | from typing import Any, Mapping, MutableMapping, Optional, Sequence
  | ^^^^^^^^^^^^^^^^^^^^^^^^^^^^^^^^^^^^^^^^^^^^^^^^^^^^^^^^^^^^^^^^^^^
help: Import from `collections.abc`
  |
6 | from enum import Enum
  - from typing import Any, Mapping, MutableMapping, Optional, Sequence
7 + from typing import Any, Optional
8 + from collections.abc import Mapping, MutableMapping, Sequence
9 |
  |

UP045 [*] Use `X | None` for type annotations
  --> src/world_series/core/contracts.py:46:64
   |
45 | class WorldSeriesError(Exception):
46 |     def __init__(self, code: ErrorCode, message: str, details: Optional[Mapping[str, Any]] = None):
   |                                                                ^^^^^^^^^^^^^^^^^^^^^^^^^^^
47 |         super().__init__(f"{code.value}: {message}")
48 |         self.code = code
   |
help: Convert to `X | None`
   |
45 | class WorldSeriesError(Exception):
   -     def __init__(self, code: ErrorCode, message: str, details: Optional[Mapping[str, Any]] = None):
46 +     def __init__(self, code: ErrorCode, message: str, details: Mapping[str, Any] | None = None):
47 |         super().__init__(f"{code.value}: {message}")
   |

UP045 [*] Use `X | None` for type annotations
   --> src/world_series/core/contracts.py:109:40
    |
107 |     source_ids: Sequence[str] = field(default_factory=tuple)
108 |
109 |     def require(self, name: str, ndim: Optional[int] = None) -> Any:
    |                                        ^^^^^^^^^^^^^
110 |         if name not in self.arrays:
111 |             raise WorldSeriesError(ErrorCode.INVALID_SHAPE, f"Missing array '{name}'")
    |
help: Convert to `X | None`
    |
108 |
    -     def require(self, name: str, ndim: Optional[int] = None) -> Any:
109 +     def require(self, name: str, ndim: int | None = None) -> Any:
110 |         if name not in self.arrays:
    |

UP045 [*] Use `X | None` for type annotations
   --> src/world_series/core/contracts.py:148:12
    |
146 |     diagnostics: dict[str, Any] = field(default_factory=dict)
147 |     verification_status: str = "NOT_RUN"
148 |     error: Optional[dict[str, Any]] = None
    |            ^^^^^^^^^^^^^^^^^^^^^^^^
help: Convert to `X | None`
    |
147 |     verification_status: str = "NOT_RUN"
    -     error: Optional[dict[str, Any]] = None
148 +     error: dict[str, Any] | None = None
149 |
    |

UP045 [*] Use `X | None` for type annotations
   --> src/world_series/core/contracts.py:162:12
    |
160 |     limitations: Sequence[str]
161 |     state: EvidenceState = EvidenceState.NOT_RUN
162 |     value: Optional[float] = None
    |            ^^^^^^^^^^^^^^^
163 |     unit: str = ""
164 |     sample_count: int = 0
    |
help: Convert to `X | None`
    |
161 |     state: EvidenceState = EvidenceState.NOT_RUN
    -     value: Optional[float] = None
162 +     value: float | None = None
163 |     unit: str = ""
    |

UP035 [*] Import from `collections.abc` instead: `Iterable`
 --> src/world_series/core/identity.py:9:1
  |
7 | import subprocess
8 | from pathlib import Path
9 | from typing import Any, Iterable
  | ^^^^^^^^^^^^^^^^^^^^^^^^^^^^^^^^
help: Import from `collections.abc`
   |
8  | from pathlib import Path
   - from typing import Any, Iterable
9  + from typing import Any
10 + from collections.abc import Iterable
11 |
   |

UP035 [*] Import from `collections.abc` instead: `Sequence`
 --> src/world_series/core/protocols.py:9:1
  |
7 | from enum import Enum
8 | from pathlib import Path
9 | from typing import Any, Optional, Sequence
  | ^^^^^^^^^^^^^^^^^^^^^^^^^^^^^^^^^^^^^^^^^^
help: Import from `collections.abc`
   |
8  | from pathlib import Path
   - from typing import Any, Optional, Sequence
9  + from typing import Any, Optional
10 + from collections.abc import Sequence
11 |
   |

UP045 [*] Use `X | None` for type annotations
  --> src/world_series/core/protocols.py:24:23
   |
22 |     primary_metric: str
23 |     effect_direction: str
24 |     practical_effect: Optional[float]
   |                       ^^^^^^^^^^^^^^^
25 |     baselines: Sequence[str]
26 |     tuning_budget: dict[str, Any]
   |
help: Convert to `X | None`
   |
23 |     effect_direction: str
   -     practical_effect: Optional[float]
24 +     practical_effect: float | None
25 |     baselines: Sequence[str]
   |

UP037 [*] Remove quotes from type annotation
  --> src/world_series/core/protocols.py:54:29
   |
53 |     @staticmethod
54 |     def load(path: Path) -> "ProtocolRegistry":
   |                             ^^^^^^^^^^^^^^^^^^
55 |         payload = json.loads(path.read_text(encoding="utf-8"))
56 |         reg = ProtocolRegistry()
   |
help: Remove quotes
   |
53 |     @staticmethod
   -     def load(path: Path) -> "ProtocolRegistry":
54 +     def load(path: Path) -> ProtocolRegistry:
55 |         payload = json.loads(path.read_text(encoding="utf-8"))
   |

I001 [*] Import block is un-sorted or un-formatted
 --> src/world_series/core/registry.py:3:1
  |
1 |   """Module capability registry — no fake successes for missing adapters."""
2 |
3 | / from __future__ import annotations
4 | |
5 | | from dataclasses import dataclass, field
6 | | from enum import Enum
7 | | from typing import Any, Callable, Optional
8 | |
9 | | from world_series.core.contracts import ErrorCode, ModuleRequest, ModuleResult, RunStatus, WorldSeriesError
  | |___________________________________________________________________________________________________________^
help: Organize imports
   |
8  |
   - from world_series.core.contracts import ErrorCode, ModuleRequest, ModuleResult, RunStatus, WorldSeriesError
9  + from world_series.core.contracts import (
10 +     ErrorCode,
11 +     ModuleRequest,
12 +     ModuleResult,
13 +     RunStatus,
14 +     WorldSeriesError,
15 + )
16 |
   |

UP035 [*] Import from `collections.abc` instead: `Callable`
 --> src/world_series/core/registry.py:7:1
  |
5 | from dataclasses import dataclass, field
6 | from enum import Enum
7 | from typing import Any, Callable, Optional
  | ^^^^^^^^^^^^^^^^^^^^^^^^^^^^^^^^^^^^^^^^^^
8 |
9 | from world_series.core.contracts import ErrorCode, ModuleRequest, ModuleResult, RunStatus, WorldSeriesError
  |
help: Import from `collections.abc`
  |
6 | from enum import Enum
  - from typing import Any, Callable, Optional
7 + from typing import Any, Optional
8 + from collections.abc import Callable
9 |
  |

F401 [*] `typing.Any` imported but unused
 --> src/world_series/core/registry.py:7:20
  |
5 | from dataclasses import dataclass, field
6 | from enum import Enum
7 | from typing import Any, Callable, Optional
  |                    ^^^
8 |
9 | from world_series.core.contracts import ErrorCode, ModuleRequest, ModuleResult, RunStatus, WorldSeriesError
  |
help: Remove unused import: `typing.Any`
  |
6 | from enum import Enum
  - from typing import Any, Callable, Optional
7 + from typing import Callable, Optional
8 |
  |

UP045 [*] Use `X | None` for type annotations
  --> src/world_series/core/registry.py:26:14
   |
24 |     project: str
25 |     state: CapabilityState
26 |     handler: Optional[Handler] = None
   |              ^^^^^^^^^^^^^^^^^
27 |     notes: str = ""
   |
help: Convert to `X | None`
   |
25 |     state: CapabilityState
   -     handler: Optional[Handler] = None
26 +     handler: Handler | None = None
27 |     notes: str = ""
   |

UP045 [*] Use `X | None` for type annotations
  --> src/world_series/core/registry.py:59:10
   |
59 | _GLOBAL: Optional[Registry] = None
   |          ^^^^^^^^^^^^^^^^^^
help: Convert to `X | None`
   |
58 |
   - _GLOBAL: Optional[Registry] = None
59 + _GLOBAL: Registry | None = None
60 |
   |

F401 [*] `typing.Optional` imported but unused
 --> src/world_series/core/seeds.py:7:20
  |
5 | import hashlib
6 | from dataclasses import dataclass
7 | from typing import Optional
  |                    ^^^^^^^^
8 |
9 | import numpy as np
  |
help: Remove unused import: `typing.Optional`
  |
6 | from dataclasses import dataclass
  - from typing import Optional
7 |
  |

UP037 [*] Remove quotes from type annotation
  --> src/world_series/core/seeds.py:20:37
   |
19 |     @staticmethod
20 |     def from_master(master: int) -> "SeedBundle":
   |                                     ^^^^^^^^^^^^
21 |         def derive(tag: str) -> int:
22 |             digest = hashlib.sha256(f"{master}:{tag}".encode()).hexdigest()
   |
help: Remove quotes
   |
19 |     @staticmethod
   -     def from_master(master: int) -> "SeedBundle":
20 +     def from_master(master: int) -> SeedBundle:
21 |         def derive(tag: str) -> int:
   |

I001 [*] Import block is un-sorted or un-formatted
 --> src/world_series/cwlnn/adapter.py:1:1
  |
1 | / from __future__ import annotations
2 | | from world_series.core.contracts import ModuleRequest, ModuleResult, RunStatus
3 | | from world_series.core.registry import Capability, CapabilityState, get_registry
4 | | import numpy as np
5 | | from world_series.cwlnn.graphs import GraphLevel, path_edges
6 | | from world_series.cwlnn.model import forward_multiscale
  | |_______________________________________________________^
7 |
8 |   def encode_multiscale_world(request: ModuleRequest) -> ModuleResult:
  |
help: Organize imports
   |
1  | from __future__ import annotations
2  +
3  + import numpy as np
4  +
5  | from world_series.core.contracts import ModuleRequest, ModuleResult, RunStatus
6  | from world_series.core.registry import Capability, CapabilityState, get_registry
   - import numpy as np
7  | from world_series.cwlnn.graphs import GraphLevel, path_edges
8  | from world_series.cwlnn.model import forward_multiscale
9  |
10 +
11 | def encode_multiscale_world(request: ModuleRequest) -> ModuleResult:
   |

I001 [*] Import block is un-sorted or un-formatted
 --> src/world_series/cwlnn/baselines.py:1:1
  |
1 | / from __future__ import annotations
2 | | import numpy as np
3 | | from world_series.cwlnn.local import sparse_mean_aggregate
  | |__________________________________________________________^
4 |
5 |   def flat_mp(features, edge_index, layers: int = 2):
  |
help: Organize imports
  |
1 | from __future__ import annotations
2 +
3 | import numpy as np
4 +
5 | from world_series.cwlnn.local import sparse_mean_aggregate
6 |
7 +
8 | def flat_mp(features, edge_index, layers: int = 2):
  |

F841 Local variable `n` is assigned to but never used
  --> src/world_series/cwlnn/baselines.py:13:5
   |
11 | def tiny_attention(features, budget_pairs: int):
12 |     """Feasible attention control: only top-score pairs, not dense all-pairs hidden as sparse."""
13 |     n = features.shape[0]
   |     ^
14 |     # score by feature norm
15 |     scores = np.linalg.norm(features, axis=1)
   |
help: Remove assignment to unused variable `n`

I001 [*] Import block is un-sorted or un-formatted
  --> src/world_series/cwlnn/conditional.py:7:1
   |
 5 |   during training; it is not an exact gradient of the top-k decision.
 6 |   """
 7 | / from __future__ import annotations
 8 | |
 9 | | from dataclasses import dataclass
10 | | import math
11 | |
12 | | import torch
   | |____________^
help: Organize imports
   |
8  |
9  + import math
10 | from dataclasses import dataclass
   - import math
11 |
   |

I001 [*] Import block is un-sorted or un-formatted
  --> src/world_series/cwlnn/evaluate.py:1:1
   |
 1 | / from __future__ import annotations
 2 | | from typing import Any
 3 | | import numpy as np
 4 | | from world_series.core.budgets import Budget, BudgetLedger
 5 | | from world_series.core.contracts import RunStatus
 6 | | from world_series.evaluation.runner import RunDirectory
 7 | | from world_series.cwlnn.graphs import GraphLevel, path_edges
 8 | | from world_series.cwlnn.local import sparse_mean_aggregate, dense_mean_aggregate
 9 | | from world_series.cwlnn.model import forward_multiscale
10 | | from world_series.cwlnn.baselines import flat_mp, tiny_attention
   | |________________________________________________________________^
11 |
12 |   def run_experiment(cfg: dict[str, Any], run: RunDirectory) -> dict[str, Any]:
   |
help: Organize imports
   |
1  | from __future__ import annotations
2  +
3  | from typing import Any
4  +
5  | import numpy as np
6  +
7  | from world_series.core.budgets import Budget, BudgetLedger
8  | from world_series.core.contracts import RunStatus
   - from world_series.evaluation.runner import RunDirectory
9  + from world_series.cwlnn.baselines import flat_mp, tiny_attention
10 | from world_series.cwlnn.graphs import GraphLevel, path_edges
   - from world_series.cwlnn.local import sparse_mean_aggregate, dense_mean_aggregate
11 + from world_series.cwlnn.local import dense_mean_aggregate, sparse_mean_aggregate
12 | from world_series.cwlnn.model import forward_multiscale
   - from world_series.cwlnn.baselines import flat_mp, tiny_attention
13 + from world_series.evaluation.runner import RunDirectory
14 +
15 |
   |

RUF059 Unpacked variable `receipt` is never used
  --> src/world_series/cwlnn/evaluate.py:28:11
   |
26 |     dense = dense_mean_aggregate(feats, adj)
27 |     flat = flat_mp(feats, edges)
28 |     hier, receipt = forward_multiscale(level, route_budget=None)
   |           ^^^^^^^
29 |     routed, rreceipt = forward_multiscale(level, route_budget=6)
30 |     attn, attn_meta = tiny_attention(feats, budget_pairs=32)
   |
help: Prefix it with an underscore or any other dummy variable pattern

RUF059 Unpacked variable `attn` is never used
  --> src/world_series/cwlnn/evaluate.py:30:5
   |
28 |     hier, receipt = forward_multiscale(level, route_budget=None)
29 |     routed, rreceipt = forward_multiscale(level, route_budget=6)
30 |     attn, attn_meta = tiny_attention(feats, budget_pairs=32)
   |     ^^^^
31 |     # held-out larger graph
32 |     n2 = n * 2
   |
help: Prefix it with an underscore or any other dummy variable pattern

I001 [*] Import block is un-sorted or un-formatted
 --> src/world_series/cwlnn/graphs.py:1:1
  |
1 | / from __future__ import annotations
2 | | from dataclasses import dataclass
3 | | import numpy as np
4 | | from world_series.core.contracts import ErrorCode, WorldSeriesError
  | |___________________________________________________________________^
5 |
6 |   @dataclass
  |
help: Organize imports
   |
1  | from __future__ import annotations
2  +
3  | from dataclasses import dataclass
4  +
5  | import numpy as np
6  +
7  | from world_series.core.contracts import ErrorCode, WorldSeriesError
8  |
9  +
10 | @dataclass
   |

I001 [*] Import block is un-sorted or un-formatted
 --> src/world_series/cwlnn/model.py:1:1
  |
1 | / from __future__ import annotations
2 | | import numpy as np
3 | | from world_series.cwlnn.local import sparse_mean_aggregate
4 | | from world_series.cwlnn.hierarchy import deterministic_coarsen
5 | | from world_series.cwlnn.pool import unpool
6 | | from world_series.cwlnn.routing import budgeted_select
  | |______________________________________________________^
7 |
8 |   def forward_multiscale(level0, route_budget: int | None = None):
  |
help: Organize imports
   |
1  | from __future__ import annotations
2  +
3  | import numpy as np
   - from world_series.cwlnn.local import sparse_mean_aggregate
4  +
5  | from world_series.cwlnn.hierarchy import deterministic_coarsen
6  + from world_series.cwlnn.local import sparse_mean_aggregate
7  | from world_series.cwlnn.pool import unpool
8  | from world_series.cwlnn.routing import budgeted_select
9  |
10 +
11 | def forward_multiscale(level0, route_budget: int | None = None):
   |

I001 [*] Import block is un-sorted or un-formatted
 --> src/world_series/cwlnn/routing.py:1:1
  |
1 | / from __future__ import annotations
2 | | from dataclasses import dataclass
3 | | import numpy as np
4 | | from world_series.core.contracts import ErrorCode, WorldSeriesError
  | |___________________________________________________________________^
5 |
6 |   @dataclass
  |
help: Organize imports
   |
1  | from __future__ import annotations
2  +
3  | from dataclasses import dataclass
4  +
5  | import numpy as np
6  +
7  | from world_series.core.contracts import ErrorCode, WorldSeriesError
8  |
9  +
10 | @dataclass
   |

I001 [*] Import block is un-sorted or un-formatted
 --> src/world_series/cwlnn/tasks.py:2:1
  |
1 |   """Public sparse graph inputs and two declared synthetic signal tasks."""
2 | / import numpy as np
3 | | from scipy import sparse
4 | | from scipy.sparse.linalg import expm_multiply
5 | | import torch
6 | |
7 | | from world_series.cwlnn.conditional import SparseWorld
  | |______________________________________________________^
help: Organize imports
  |
2 | import numpy as np
3 + import torch
4 | from scipy import sparse
5 | from scipy.sparse.linalg import expm_multiply
  - import torch
6 |
  |

UP035 [*] Import from `collections.abc` instead: `Hashable`, `Iterable`, `Sequence`
 --> src/world_series/data/splits.py:6:1
  |
5 | from dataclasses import dataclass
6 | from typing import Hashable, Iterable, Sequence
  | ^^^^^^^^^^^^^^^^^^^^^^^^^^^^^^^^^^^^^^^^^^^^^^^
7 |
8 | from world_series.core.contracts import ErrorCode, WorldSeriesError
  |
help: Import from `collections.abc`
  |
5 | from dataclasses import dataclass
  - from typing import Hashable, Iterable, Sequence
6 + from collections.abc import Hashable, Iterable, Sequence
7 |
  |

RUF046 Value being cast to `int` is already an integer
  --> src/world_series/data/splits.py:41:21
   |
39 |     for k in keys[:-1]:
40 |         acc += fractions[k]
41 |         cuts.append(int(round(acc * n)))
   |                     ^^^^^^^^^^^^^^^^^^^
42 |     cuts.append(n)
43 |     start = 0
   |
help: Remove unnecessary `int` call

C414 Unnecessary `list()` call within `sorted()`
  --> src/world_series/data/splits.py:65:72
   |
63 |     overlap = sa & sb
64 |     if overlap:
65 |         raise WorldSeriesError(ErrorCode.INTERNAL, f"{label} overlap: {sorted(list(overlap))[:5]}")
   |                                                                        ^^^^^^^^^^^^^^^^^^^^^
help: Remove the inner `list()` call

I001 [*] Import block is un-sorted or un-formatted
  --> src/world_series/evaluation/development.py:2:1
   |
 1 |   """Versioned, bounded development benchmarks; never a confirmation evaluator."""
 2 | / from __future__ import annotations
 3 | |
 4 | | from collections import defaultdict
 5 | | import itertools
 6 | | import math
 7 | | import time
 8 | | import numpy as np
 9 | | from scipy.integrate import solve_ivp
10 | |
11 | | from world_series.core.budgets import Budget, BudgetLedger
   | |__________________________________________________________^
help: Organize imports
  |
3 |
  - from collections import defaultdict
4 | import itertools
5 | import math
6 | import time
7 + from collections import defaultdict
8 +
9 | import numpy as np
  |

F401 [*] `itertools` imported but unused
 --> src/world_series/evaluation/development.py:5:8
  |
4 | from collections import defaultdict
5 | import itertools
  |        ^^^^^^^^^
6 | import math
7 | import time
  |
help: Remove unused import: `itertools`
  |
4 | from collections import defaultdict
  - import itertools
5 | import math
  |

I001 [*] Import block is un-sorted or un-formatted
  --> src/world_series/evaluation/development.py:75:5
   |
74 | def qapen_study(seed, params, ledger):
75 |     from world_series.qapen.baselines import FixedEnsemble, AdaptiveNoMemory, RecentMemoryControl, nll
   |     ^^^^^^^^^^^^^^^^^^^^^^^^^^^^^^^^^^^^^^^^^^^^^^^^^^^^^^^^^^^^^^^^^^^^^^^^^^^^^^^^^^^^^^^^^^^^^^^^^^
76 |     rng = np.random.default_rng(seed)
77 |     models = {'context_memory': ContextMemory(seed), 'no_memory': ContextMemory(seed, memory=False),
   |
help: Organize imports
   |
74 | def qapen_study(seed, params, ledger):
   -     from world_series.qapen.baselines import FixedEnsemble, AdaptiveNoMemory, RecentMemoryControl, nll
75 +     from world_series.qapen.baselines import (
76 +         AdaptiveNoMemory,
77 +         FixedEnsemble,
78 +         RecentMemoryControl,
79 +         nll,
80 +     )
81 |     rng = np.random.default_rng(seed)
   |

I001 [*] Import block is un-sorted or un-formatted
   --> src/world_series/evaluation/development.py:135:5
    |
134 |   def synthesis_cases(seed):
135 | /     from world_series.wcode.search import enumerate_small_programs
136 | |     from world_series.wcode.interpreter import interpret, Fuel
137 | |     from world_series.wcode.dataset import SynthesisTask
138 | |     from world_series.wcode.graph import ast_hash
    | |_________________________________________________^
139 |       rng = np.random.default_rng(seed)
140 |       seen, tasks = set(), []
    |
help: Organize imports
    |
134 | def synthesis_cases(seed):
    -     from world_series.wcode.search import enumerate_small_programs
    -     from world_series.wcode.interpreter import interpret, Fuel
135 |     from world_series.wcode.dataset import SynthesisTask
136 |     from world_series.wcode.graph import ast_hash
137 +     from world_series.wcode.interpreter import Fuel, interpret
138 +     from world_series.wcode.search import enumerate_small_programs
139 |     rng = np.random.default_rng(seed)
    |

I001 [*] Import block is un-sorted or un-formatted
   --> src/world_series/evaluation/development.py:198:5
    |
197 |   def wpinn_study(seed, params, ledger):
198 | /     from world_series.wpinn.systems import make_trajectory
199 | |     from world_series.wpinn.train import weak_only_fit
200 | |     from world_series.wpinn.baselines import data_only_accel_fit, known_support_fit
    | |___________________________________________________________________________________^
201 |       rows = []
202 |       for k, c in [(1., 0.), (2., .3), (4., .8)]:
    |
help: Organize imports
    |
197 | def wpinn_study(seed, params, ledger):
198 +     from world_series.wpinn.baselines import data_only_accel_fit, known_support_fit
199 |     from world_series.wpinn.systems import make_trajectory
200 |     from world_series.wpinn.train import weak_only_fit
    -     from world_series.wpinn.baselines import data_only_accel_fit, known_support_fit
201 |     rows = []
    |

I001 [*] Import block is un-sorted or un-formatted
   --> src/world_series/evaluation/development.py:221:5
    |
220 |   def wft_study(seed, params, ledger):
221 | /     from world_series.wft.laplacian import laplacian_from_weights
222 | |     from world_series.wft.operators import learn_operator_ridge, constrained_sym_nonneg
    | |_______________________________________________________________________________________^
223 |       rng = np.random.default_rng(seed); rows = []
224 |       for n in [12, 24]:
    |
help: Organize imports
    |
221 |     from world_series.wft.laplacian import laplacian_from_weights
    -     from world_series.wft.operators import learn_operator_ridge, constrained_sym_nonneg
222 +     from world_series.wft.operators import constrained_sym_nonneg, learn_operator_ridge
223 |     rng = np.random.default_rng(seed); rows = []
    |

I001 [*] Import block is un-sorted or un-formatted
   --> src/world_series/evaluation/development.py:247:5
    |
246 |   def cwlnn_study(seed, params, ledger):
247 | /     from world_series.cwlnn.graphs import GraphLevel, path_edges
248 | |     from world_series.cwlnn.model import forward_multiscale
249 | |     from world_series.cwlnn.baselines import flat_mp, tiny_attention
    | |____________________________________________________________________^
250 |       rng = np.random.default_rng(seed); rows = []
251 |       modes = ['flat', 'hierarchy', 'routed', 'budget_attention']
    |
help: Organize imports
    |
246 | def cwlnn_study(seed, params, ledger):
247 +     from world_series.cwlnn.baselines import flat_mp, tiny_attention
248 |     from world_series.cwlnn.graphs import GraphLevel, path_edges
249 |     from world_series.cwlnn.model import forward_multiscale
    -     from world_series.cwlnn.baselines import flat_mp, tiny_attention
250 |     rng = np.random.default_rng(seed); rows = []
    |

I001 [*] Import block is un-sorted or un-formatted
   --> src/world_series/evaluation/development.py:283:5
    |
282 |   def wfim_study(seed, params, ledger):
283 | /     from world_series.wfim.algebra import SparseWordSeries, multiply, project_degree, truncated_multiply, topk_prune, assert_associ…
284 | |     from world_series.wfim.transport import transported_multiply
    | |________________________________________________________________^
285 |       rng = np.random.default_rng(seed); rows = []
286 |       for degree in [2, 3, 4]:
    |
help: Organize imports
    |
282 | def wfim_study(seed, params, ledger):
    -     from world_series.wfim.algebra import SparseWordSeries, multiply, project_degree, truncated_multiply, topk_prune, assert_associativity_truncated
283 +     from world_series.wfim.algebra import (
284 +         SparseWordSeries,
285 +         assert_associativity_truncated,
286 +         multiply,
287 +         project_degree,
288 +         topk_prune,
289 +         truncated_multiply,
290 +     )
291 |     from world_series.wfim.transport import transported_multiply
    |

I001 [*] Import block is un-sorted or un-formatted
  --> src/world_series/evaluation/falsify.py:19:5
   |
17 |       something is wrong — here we check controller features never see query labels
18 |       and that support-only adaptation still moves loss on true query."""
19 | /     from world_series.qlearn.tasks import build_tasks
20 | |     from world_series.qlearn.policy import BoundedDiagonalPolicy
21 | |     from world_series.qlearn.functional import np_to_torch_spd
22 | |     from world_series.qlearn.unroll import unroll_quadratic
23 | |     from world_series.qlearn.features import build_features
24 | |     import torch
   | |________________^
25 |
26 |       tasks = build_tasks(seed, n=2, dim=3)
   |
help: Organize imports
   |
18 |     and that support-only adaptation still moves loss on true query."""
   -     from world_series.qlearn.tasks import build_tasks
   -     from world_series.qlearn.policy import BoundedDiagonalPolicy
19 +     import torch
20 +
21 +     from world_series.qlearn.features import build_features
22 |     from world_series.qlearn.functional import np_to_torch_spd
23 +     from world_series.qlearn.policy import BoundedDiagonalPolicy
24 +     from world_series.qlearn.tasks import build_tasks
25 |     from world_series.qlearn.unroll import unroll_quadratic
   -     from world_series.qlearn.features import build_features
   -     import torch
26 |
   |

I001 [*] Import block is un-sorted or un-formatted
  --> src/world_series/evaluation/falsify.py:53:5
   |
51 |   def qapen_recent_vs_candidate(seed: int = 0) -> dict[str, Any]:
52 |       """Falsification: if recent-memory strictly dominates on ordinary+rare, lifecycle claim unsupported at this scale."""
53 | /     from world_series.qapen.streams import returning_regime_stream
54 | |     from world_series.qapen.lifecycle import QAPENModel
55 | |     from world_series.qapen.baselines import RecentMemoryControl, nll
   | |_____________________________________________________________________^
56 |
57 |       _, xs = returning_regime_stream(seed, n=120)
   |
help: Organize imports
   |
52 |     """Falsification: if recent-memory strictly dominates on ordinary+rare, lifecycle claim unsupported at this scale."""
53 +     from world_series.qapen.baselines import RecentMemoryControl, nll
54 +     from world_series.qapen.lifecycle import QAPENModel
55 |     from world_series.qapen.streams import returning_regime_stream
   -     from world_series.qapen.lifecycle import QAPENModel
   -     from world_series.qapen.baselines import RecentMemoryControl, nll
56 |
   |

I001 [*] Import block is un-sorted or un-formatted
  --> src/world_series/evaluation/falsify.py:84:5
   |
83 |   def qwipii_adversarial_and_lift(seed: int = 0) -> dict[str, Any]:
84 | /     from world_series.qwipii.domains import RingState
85 | |     from world_series.qwipii.discovery import discover_and_verify
86 | |     from world_series.qwipii.search import quotient_bfs, replay
87 | |     from world_series.core.budgets import Budget, BudgetLedger
   | |______________________________________________________________^
88 |
89 |       states = [RingState((1, 0, 2), (0, 1, 2)), RingState((2, 1, 0), (0, 1, 2))]
   |
help: Organize imports
   |
83 | def qwipii_adversarial_and_lift(seed: int = 0) -> dict[str, Any]:
84 +     from world_series.core.budgets import Budget, BudgetLedger
85 +     from world_series.qwipii.discovery import discover_and_verify
86 |     from world_series.qwipii.domains import RingState
   -     from world_series.qwipii.discovery import discover_and_verify
87 |     from world_series.qwipii.search import quotient_bfs, replay
   -     from world_series.core.budgets import Budget, BudgetLedger
88 |
   |

I001 [*] Import block is un-sorted or un-formatted
   --> src/world_series/evaluation/falsify.py:106:5
    |
104 |   def wcode_public_memorizer_fails_heldout(seed: int = 0) -> dict[str, Any]:
105 |       """A program that only matches public x values should fail held-out verifier scope."""
106 | /     from world_series.wcode.dsl import BinOp, Var, Lit, If
107 | |     from world_series.wcode.verifier import verify_program
    | |__________________________________________________________^
108 |
109 |       # memorizes x==1 -> 2 else 0 (fails held x=10 -> 11)
    |
help: Organize imports
    |
105 |     """A program that only matches public x values should fail held-out verifier scope."""
    -     from world_series.wcode.dsl import BinOp, Var, Lit, If
106 +     from world_series.wcode.dsl import BinOp, If, Lit, Var
107 |     from world_series.wcode.verifier import verify_program
    |

F841 Local variable `public` is assigned to but never used
   --> src/world_series/evaluation/falsify.py:111:5
    |
109 |     # memorizes x==1 -> 2 else 0 (fails held x=10 -> 11)
110 |     prog = If(BinOp("==", Var("x"), Lit(1)), Lit(2), Lit(0))
111 |     public = [({"x": 1}, 2)]
    |     ^^^^^^
112 |     held = [({"x": 10}, 11)]
113 |     # public would pass if we only checked public; held must fail
    |
help: Remove assignment to unused variable `public`

I001 [*] Import block is un-sorted or un-formatted
   --> src/world_series/evaluation/falsify.py:114:5
    |
112 |     held = [({"x": 10}, 11)]
113 |     # public would pass if we only checked public; held must fail
114 |     from world_series.wcode.interpreter import interpret, Fuel
    |     ^^^^^^^^^^^^^^^^^^^^^^^^^^^^^^^^^^^^^^^^^^^^^^^^^^^^^^^^^^
115 |
116 |     pub_ok = interpret(prog, {"x": 1}, Fuel(32)) == 2
    |
help: Organize imports
    |
113 |     # public would pass if we only checked public; held must fail
    -     from world_series.wcode.interpreter import interpret, Fuel
114 +     from world_series.wcode.interpreter import Fuel, interpret
115 |
    |

I001 [*] Import block is un-sorted or un-formatted
   --> src/world_series/evaluation/falsify.py:128:5
    |
127 |   def wpinn_wrong_conservation_hurts(seed: int = 0) -> dict[str, Any]:
128 | /     from world_series.wpinn.systems import make_trajectory
129 | |     from world_series.wpinn.train import weak_only_fit, fit_with_structure
130 | |     from world_series.wpinn.evaluate import rollout_error
    | |_________________________________________________________^
131 |
132 |       damped = make_trajectory(seed, k=2.0, c=0.35, noise=0.0)
    |
help: Organize imports
    |
127 | def wpinn_wrong_conservation_hurts(seed: int = 0) -> dict[str, Any]:
128 +     from world_series.wpinn.evaluate import rollout_error
129 |     from world_series.wpinn.systems import make_trajectory
    -     from world_series.wpinn.train import weak_only_fit, fit_with_structure
    -     from world_series.wpinn.evaluate import rollout_error
130 +     from world_series.wpinn.train import fit_with_structure, weak_only_fit
131 |
    |

I001 [*] Import block is un-sorted or un-formatted
   --> src/world_series/evaluation/falsify.py:149:5
    |
148 | def wfim_topk_breaks_associativity() -> dict[str, Any]:
149 |     from world_series.wfim.algebra import basis, multiply, add, topk_prune, assert_associativity_truncated
    |     ^^^^^^^^^^^^^^^^^^^^^^^^^^^^^^^^^^^^^^^^^^^^^^^^^^^^^^^^^^^^^^^^^^^^^^^^^^^^^^^^^^^^^^^^^^^^^^^^^^^^^^
150 |
151 |     a, b = basis(1), basis(2)
    |
help: Organize imports
    |
148 | def wfim_topk_breaks_associativity() -> dict[str, Any]:
    -     from world_series.wfim.algebra import basis, multiply, add, topk_prune, assert_associativity_truncated
149 +     from world_series.wfim.algebra import (
150 +         add,
151 +         assert_associativity_truncated,
152 +         basis,
153 +         multiply,
154 +         topk_prune,
155 +     )
156 |
    |

I001 [*] Import block is un-sorted or un-formatted
   --> src/world_series/evaluation/falsify.py:167:5
    |
165 |   def ultron_wrong_tool_fails() -> dict[str, Any]:
166 |       """Forcing mismatched capability should not count as verified success for law_id."""
167 | /     from world_series.core.registry import reset_registry_for_tests
168 | |     from world_series.ultron.capabilities import bootstrap_adapters
169 | |     from world_series.ultron.state import EpisodeState
170 | |     from world_series.ultron.executor import execute_action
171 | |     from world_series.ultron.evidence import EvidenceDAG
172 | |     from world_series.ultron.verifier_client import local_dev_verifier
173 | |     from world_series.core.budgets import Budget
    | |________________________________________________^
174 |
175 |       reset_registry_for_tests()
    |
help: Organize imports
    |
166 |     """Forcing mismatched capability should not count as verified success for law_id."""
167 +     from world_series.core.budgets import Budget
168 |     from world_series.core.registry import reset_registry_for_tests
169 |     from world_series.ultron.capabilities import bootstrap_adapters
170 +     from world_series.ultron.evidence import EvidenceDAG
171 +     from world_series.ultron.executor import execute_action
172 |     from world_series.ultron.state import EpisodeState
    -     from world_series.ultron.executor import execute_action
    -     from world_series.ultron.evidence import EvidenceDAG
173 |     from world_series.ultron.verifier_client import local_dev_verifier
    -     from world_series.core.budgets import Budget
174 |
    |

I001 [*] Import block is un-sorted or un-formatted
   --> src/world_series/evaluation/falsify.py:194:5
    |
192 |   def wft_shuffled_target_control(seed: int = 0) -> dict[str, Any]:
193 |       """Learning to predict shuffled Y should not beat fixed Laplacian structure by huge margin without signal."""
194 | /     from world_series.wft.laplacian import path_graph, laplacian_from_weights
195 | |     from world_series.wft.operators import learn_operator_ridge, fixed_operator_from_W
    | |______________________________________________________________________________________^
196 |
197 |       rng = np.random.default_rng(seed)
    |
help: Organize imports
    |
193 |     """Learning to predict shuffled Y should not beat fixed Laplacian structure by huge margin without signal."""
    -     from world_series.wft.laplacian import path_graph, laplacian_from_weights
    -     from world_series.wft.operators import learn_operator_ridge, fixed_operator_from_W
194 +     from world_series.wft.laplacian import laplacian_from_weights, path_graph
195 +     from world_series.wft.operators import fixed_operator_from_W, learn_operator_ridge
196 |
    |

UP035 [*] Import from `collections.abc` instead: `Sequence`
 --> src/world_series/evaluation/metrics.py:5:1
  |
3 | from __future__ import annotations
4 |
5 | from typing import Sequence
  | ^^^^^^^^^^^^^^^^^^^^^^^^^^^
6 |
7 | import numpy as np
  |
help: Import from `collections.abc`
  |
4 |
  - from typing import Sequence
5 + from collections.abc import Sequence
6 |
  |

F401 [*] `typing.Any` imported but unused
 --> src/world_series/evaluation/reports.py:7:20
  |
5 | import json
6 | from pathlib import Path
7 | from typing import Any
  |                    ^^^
8 |
9 | from world_series.core.contracts import ErrorCode, WorldSeriesError
  |
help: Remove unused import: `typing.Any`
  |
6 | from pathlib import Path
  - from typing import Any
7 |
  |

F401 [*] `world_series.core.contracts.ErrorCode` imported but unused
  --> src/world_series/evaluation/reports.py:9:41
   |
 7 | from typing import Any
 8 |
 9 | from world_series.core.contracts import ErrorCode, WorldSeriesError
   |                                         ^^^^^^^^^
10 | from world_series.evaluation.runner import load_run
   |
help: Remove unused import
  |
8 |
  - from world_series.core.contracts import ErrorCode, WorldSeriesError
9 | from world_series.evaluation.runner import load_run
  |

F401 [*] `world_series.core.contracts.WorldSeriesError` imported but unused
  --> src/world_series/evaluation/reports.py:9:52
   |
 7 | from typing import Any
 8 |
 9 | from world_series.core.contracts import ErrorCode, WorldSeriesError
   |                                                    ^^^^^^^^^^^^^^^^
10 | from world_series.evaluation.runner import load_run
   |
help: Remove unused import
  |
8 |
  - from world_series.core.contracts import ErrorCode, WorldSeriesError
9 | from world_series.evaluation.runner import load_run
  |

UP045 [*] Use `X | None` for type annotations
  --> src/world_series/evaluation/runner.py:36:18
   |
34 |     status: str
35 |     created_at: float
36 |     finished_at: Optional[float] = None
   |                  ^^^^^^^^^^^^^^^
37 |     error: Optional[dict[str, Any]] = None
38 |     metrics: dict[str, Any] = field(default_factory=dict)
   |
help: Convert to `X | None`
   |
35 |     created_at: float
   -     finished_at: Optional[float] = None
36 +     finished_at: float | None = None
37 |     error: Optional[dict[str, Any]] = None
   |

UP045 [*] Use `X | None` for type annotations
  --> src/world_series/evaluation/runner.py:37:12
   |
35 |     created_at: float
36 |     finished_at: Optional[float] = None
37 |     error: Optional[dict[str, Any]] = None
   |            ^^^^^^^^^^^^^^^^^^^^^^^^
38 |     metrics: dict[str, Any] = field(default_factory=dict)
   |
help: Convert to `X | None`
   |
36 |     finished_at: Optional[float] = None
   -     error: Optional[dict[str, Any]] = None
37 +     error: dict[str, Any] | None = None
38 |     metrics: dict[str, Any] = field(default_factory=dict)
   |

UP045 [*] Use `X | None` for type annotations
  --> src/world_series/evaluation/runner.py:67:48
   |
65 |         )
66 |
67 |     def append_event(self, kind: str, payload: Optional[dict[str, Any]] = None) -> None:
   |                                                ^^^^^^^^^^^^^^^^^^^^^^^^
68 |         event = {
69 |             "ts": time.time(),
   |
help: Convert to `X | None`
   |
66 |
   -     def append_event(self, kind: str, payload: Optional[dict[str, Any]] = None) -> None:
67 +     def append_event(self, kind: str, payload: dict[str, Any] | None = None) -> None:
68 |         event = {
   |

UP045 [*] Use `X | None` for type annotations
  --> src/world_series/evaluation/runner.py:76:52
   |
74 |             f.write(json.dumps(event, sort_keys=True) + "\n")
75 |
76 |     def set_status(self, status: RunStatus, error: Optional[dict[str, Any]] = None) -> None:
   |                                                    ^^^^^^^^^^^^^^^^^^^^^^^^
77 |         self.manifest.status = status.value
78 |         self.manifest.error = error
   |
help: Convert to `X | None`
   |
75 |
   -     def set_status(self, status: RunStatus, error: Optional[dict[str, Any]] = None) -> None:
76 +     def set_status(self, status: RunStatus, error: dict[str, Any] | None = None) -> None:
77 |         self.manifest.status = status.value
   |

UP045 [*] Use `X | None` for type annotations
   --> src/world_series/evaluation/runner.py:102:16
    |
100 |     cfg: dict[str, Any],
101 |     *,
102 |     runs_root: Optional[Path] = None,
    |                ^^^^^^^^^^^^^^
103 |     device_dtype: str = "float64",
104 | ) -> RunDirectory:
    |
help: Convert to `X | None`
    |
101 |     *,
    -     runs_root: Optional[Path] = None,
102 +     runs_root: Path | None = None,
103 |     device_dtype: str = "float64",
    |

UP035 [*] Import from `collections.abc` instead: `Sequence`
 --> src/world_series/evaluation/uncertainty.py:5:1
  |
3 | from __future__ import annotations
4 |
5 | from typing import Sequence
  | ^^^^^^^^^^^^^^^^^^^^^^^^^^^
6 |
7 | import numpy as np
  |
help: Import from `collections.abc`
  |
4 |
  - from typing import Sequence
5 + from collections.abc import Sequence
6 |
  |

UP035 [*] Import from `collections.abc` instead: `Callable`
 --> src/world_series/projects.py:5:1
  |
3 | from __future__ import annotations
4 |
5 | from typing import Any, Callable
  | ^^^^^^^^^^^^^^^^^^^^^^^^^^^^^^^^
6 |
7 | from world_series.core.contracts import RunStatus
  |
help: Import from `collections.abc`
  |
4 |
  - from typing import Any, Callable
5 + from typing import Any
6 + from collections.abc import Callable
7 |
  |

I001 [*] Import block is un-sorted or un-formatted
 --> src/world_series/qapen/adapter.py:1:1
  |
1 | / from __future__ import annotations
2 | | from world_series.core.contracts import ModuleRequest, ModuleResult, RunStatus
3 | | from world_series.core.registry import Capability, CapabilityState, get_registry
  | |________________________________________________________________________________^
4 |
5 |   def predict_world(request: ModuleRequest) -> ModuleResult:
  |
help: Organize imports
  |
1 | from __future__ import annotations
2 +
3 | from world_series.core.contracts import ModuleRequest, ModuleResult, RunStatus
4 | from world_series.core.registry import Capability, CapabilityState, get_registry
5 |
6 +
7 | def predict_world(request: ModuleRequest) -> ModuleResult:
  |

I001 [*] Import block is un-sorted or un-formatted
 --> src/world_series/qapen/baselines.py:1:1
  |
1 | / from __future__ import annotations
2 | | import numpy as np
3 | | from world_series.qapen.mixture import mixture_moments
  | |______________________________________________________^
4 |
5 |   class FixedEnsemble:
  |
help: Organize imports
  |
1 | from __future__ import annotations
2 +
3 | import numpy as np
4 +
5 | from world_series.qapen.mixture import mixture_moments
6 |
7 +
8 | class FixedEnsemble:
  |

RUF059 Unpacked variable `w` is never used
  --> src/world_series/qapen/baselines.py:12:9
   |
11 |     def predict(self):
12 |         w, mean, var = mixture_moments(self.weights, self.means, self.vars)
   |         ^
13 |         return mean, var
   |
help: Prefix it with an underscore or any other dummy variable pattern

I001 [*] Import block is un-sorted or un-formatted
  --> src/world_series/qapen/causal.py:6:1
   |
 4 |   explicit mechanisms, not nonparametric inference or an infinite ensemble.
 5 |   """
 6 | / from collections import deque
 7 | | import copy
 8 | | from dataclasses import dataclass, asdict
 9 | | import uuid
10 | | import numpy as np
11 | | import torch
12 | | from torch import nn
   | |____________________^
help: Organize imports
   |
5  | """
   - from collections import deque
6  | import copy
   - from dataclasses import dataclass, asdict
7  | import uuid
8  + from collections import deque
9  + from dataclasses import asdict, dataclass
10 +
11 | import numpy as np
   |

I001 [*] Import block is un-sorted or un-formatted
  --> src/world_series/qapen/evaluate.py:1:1
   |
 1 | / from __future__ import annotations
 2 | | from typing import Any
 3 | | import numpy as np
 4 | | from world_series.core.budgets import Budget, BudgetLedger
 5 | | from world_series.core.contracts import RunStatus
 6 | | from world_series.evaluation.runner import RunDirectory
 7 | | from world_series.qapen.streams import returning_regime_stream
 8 | | from world_series.qapen.lifecycle import QAPENModel
 9 | | from world_series.qapen.mixture import mixture_moments
10 | | from world_series.qapen.baselines import FixedEnsemble, AdaptiveNoMemory, RecentMemoryControl, nll
   | |__________________________________________________________________________________________________^
11 |
12 |   def run_experiment(cfg: dict[str, Any], run: RunDirectory) -> dict[str, Any]:
   |
help: Organize imports
   |
1  | from __future__ import annotations
2  +
3  | from typing import Any
4  +
5  | import numpy as np
6  +
7  | from world_series.core.budgets import Budget, BudgetLedger
8  | from world_series.core.contracts import RunStatus
9  | from world_series.evaluation.runner import RunDirectory
   - from world_series.qapen.streams import returning_regime_stream
10 + from world_series.qapen.baselines import AdaptiveNoMemory, FixedEnsemble, RecentMemoryControl, nll
11 | from world_series.qapen.lifecycle import QAPENModel
12 | from world_series.qapen.mixture import mixture_moments
   - from world_series.qapen.baselines import FixedEnsemble, AdaptiveNoMemory, RecentMemoryControl, nll
13 + from world_series.qapen.streams import returning_regime_stream
14 +
15 |
   |

RUF059 Unpacked variable `w` is never used
  --> src/world_series/qapen/evaluate.py:45:5
   |
43 |             for k in scores:
44 |                 ordinary[k].append(scores[k][-1])
45 |     w, mean, var = mixture_moments(np.array([0.3, 0.7]), np.array([0.0, 2.0]), np.array([1.0, 0.5]))
   |     ^
46 |     means = {k: float(np.mean(v)) for k, v in scores.items()}
47 |     # Toy-scale interpretation vs strongest simple memory control (not confirmation).
   |
help: Prefix it with an underscore or any other dummy variable pattern

I001 [*] Import block is un-sorted or un-formatted
 --> src/world_series/qapen/experts.py:1:1
  |
1 | / from __future__ import annotations
2 | | from dataclasses import dataclass, field
3 | | from enum import Enum
4 | | import numpy as np
5 | | from world_series.core.contracts import ErrorCode, WorldSeriesError
  | |___________________________________________________________________^
6 |
7 |   class ExpertState(str, Enum):
  |
help: Organize imports
   |
1  | from __future__ import annotations
2  +
3  | from dataclasses import dataclass, field
4  | from enum import Enum
5  +
6  | import numpy as np
7  +
8  | from world_series.core.contracts import ErrorCode, WorldSeriesError
9  |
10 +
11 | class ExpertState(str, Enum):
   |

F401 [*] `numpy` imported but unused
 --> src/world_series/qapen/experts.py:4:17
  |
2 | from dataclasses import dataclass, field
3 | from enum import Enum
4 | import numpy as np
  |                 ^^
5 | from world_series.core.contracts import ErrorCode, WorldSeriesError
  |
help: Remove unused import: `numpy`
  |
3 | from enum import Enum
  - import numpy as np
4 | from world_series.core.contracts import ErrorCode, WorldSeriesError
  |

I001 [*] Import block is un-sorted or un-formatted
 --> src/world_series/qapen/lifecycle.py:1:1
  |
1 | / from __future__ import annotations
2 | | import numpy as np
3 | | from world_series.qapen.experts import ExpertBank, ExpertState
4 | | from world_series.qapen.memory import EngramStore
5 | | from world_series.qapen.mixture import mixture_moments
  | |______________________________________________________^
6 |
7 |   class QAPENModel:
  |
help: Organize imports
   |
1  | from __future__ import annotations
2  +
3  | import numpy as np
4  +
5  | from world_series.qapen.experts import ExpertBank, ExpertState
6  | from world_series.qapen.memory import EngramStore
7  | from world_series.qapen.mixture import mixture_moments
8  |
9  +
10 | class QAPENModel:
   |

I001 [*] Import block is un-sorted or un-formatted
 --> src/world_series/qapen/memory.py:1:1
  |
1 | / from __future__ import annotations
2 | | from dataclasses import dataclass, field
3 | | import numpy as np
  | |__________________^
4 |
5 |   @dataclass
  |
help: Organize imports
  |
1 | from __future__ import annotations
2 +
3 | from dataclasses import dataclass, field
4 +
5 | import numpy as np
6 |
7 +
8 | @dataclass
  |

I001 [*] Import block is un-sorted or un-formatted
 --> src/world_series/qapen/mixture.py:1:1
  |
1 | / from __future__ import annotations
2 | | import numpy as np
  | |__________________^
3 |
4 |   def mixture_moments(weights: np.ndarray, means: np.ndarray, vars_: np.ndarray):
  |
help: Organize imports
  |
1 | from __future__ import annotations
2 +
3 | import numpy as np
4 |
5 +
6 | def mixture_moments(weights: np.ndarray, means: np.ndarray, vars_: np.ndarray):
  |

I001 [*] Import block is un-sorted or un-formatted
 --> src/world_series/qapen/streams.py:1:1
  |
1 | / from __future__ import annotations
2 | | import numpy as np
  | |__________________^
3 |
4 |   def returning_regime_stream(seed: int, n: int = 200):
  |
help: Organize imports
  |
1 | from __future__ import annotations
2 +
3 | import numpy as np
4 |
5 +
6 | def returning_regime_stream(seed: int, n: int = 200):
  |

I001 [*] Import block is un-sorted or un-formatted
 --> src/world_series/qlearn/adapter.py:1:1
  |
1 | / from __future__ import annotations
2 | | from world_series.core.contracts import ModuleRequest, ModuleResult, RunStatus
3 | | from world_series.core.registry import Capability, CapabilityState, get_registry
  | |________________________________________________________________________________^
4 |
5 |   def adapt_learner(request: ModuleRequest) -> ModuleResult:
  |
help: Organize imports
  |
1 | from __future__ import annotations
2 +
3 | from world_series.core.contracts import ModuleRequest, ModuleResult, RunStatus
4 | from world_series.core.registry import Capability, CapabilityState, get_registry
5 |
6 +
7 | def adapt_learner(request: ModuleRequest) -> ModuleResult:
  |

I001 [*] Import block is un-sorted or un-formatted
  --> src/world_series/qlearn/evaluate.py:1:1
   |
 1 | / from __future__ import annotations
 2 | | from typing import Any
 3 | | import numpy as np
 4 | | import torch
 5 | | from world_series.core.contracts import ErrorCode, RunStatus, WorldSeriesError
 6 | | from world_series.core.budgets import BudgetLedger, Budget
 7 | | from world_series.evaluation.runner import RunDirectory
 8 | | from world_series.qlearn.tasks import build_tasks, family_split
 9 | | from world_series.qlearn.baselines import (
10 | |     tune_fixed,
11 | |     auc_normalized,
12 | |     adamw_trajectory,
13 | |     sgd_trajectory,
14 | |     momentum_trajectory,
15 | |     is_diverged,
16 | | )
17 | | from world_series.qlearn.policy import BoundedDiagonalPolicy
18 | | from world_series.qlearn.meta_train import meta_step
19 | | from world_series.qlearn.functional import np_to_torch_spd
20 | | from world_series.qlearn.unroll import unroll_quadratic
   | |_______________________________________________________^
21 |
22 |   def _policy_curve(task, policy, steps: int):
   |
help: Organize imports
   |
1  | from __future__ import annotations
2  +
3  | from typing import Any
4  +
5  | import numpy as np
6  | import torch
7  +
8  + from world_series.core.budgets import Budget, BudgetLedger
9  | from world_series.core.contracts import ErrorCode, RunStatus, WorldSeriesError
   - from world_series.core.budgets import BudgetLedger, Budget
10 | from world_series.evaluation.runner import RunDirectory
   - from world_series.qlearn.tasks import build_tasks, family_split
11 | from world_series.qlearn.baselines import (
   -     tune_fixed,
12 +     adamw_trajectory,
13 |     auc_normalized,
   -     adamw_trajectory,
14 +     is_diverged,
15 +     momentum_trajectory,
16 |     sgd_trajectory,
   -     momentum_trajectory,
   -     is_diverged,
17 +     tune_fixed,
18 | )
   - from world_series.qlearn.policy import BoundedDiagonalPolicy
19 + from world_series.qlearn.functional import np_to_torch_spd
20 | from world_series.qlearn.meta_train import meta_step
   - from world_series.qlearn.functional import np_to_torch_spd
21 + from world_series.qlearn.policy import BoundedDiagonalPolicy
22 + from world_series.qlearn.tasks import build_tasks, family_split
23 | from world_series.qlearn.unroll import unroll_quadratic
24 |
25 +
26 | def _policy_curve(task, policy, steps: int):
   |

F401 [*] `torch` imported but unused
 --> src/world_series/qlearn/evaluate.py:4:8
  |
2 | from typing import Any
3 | import numpy as np
4 | import torch
  |        ^^^^^
5 | from world_series.core.contracts import ErrorCode, RunStatus, WorldSeriesError
6 | from world_series.core.budgets import BudgetLedger, Budget
  |
help: Remove unused import: `torch`
  |
3 | import numpy as np
  - import torch
4 | from world_series.core.contracts import ErrorCode, RunStatus, WorldSeriesError
  |

ISC004 Unparenthesized implicit string concatenation in collection
   --> src/world_series/qlearn/evaluate.py:114:13
    |
112 |           "metric_notes": [
113 |               'The historical AUC-minus-final-loss proxy mixed metrics and is invalid.',
114 | /             'Legacy AUC primary retained for continuity; per-curve minimum and post-update '
115 | |             'normalization remain limitations, not a qualified common-scale comparison.',
    | |________________________________________________________________________________________^
116 |               'Divergence diagnostic: nonfinite loss or absolute loss above 1e6; '
117 |               'all trajectories remain in the denominator and retained raw evidence.',
    |
help: Did you forget a comma?
help: Wrap implicitly concatenated strings in parentheses

ISC004 Unparenthesized implicit string concatenation in collection
   --> src/world_series/qlearn/evaluate.py:116:13
    |
114 |               'Legacy AUC primary retained for continuity; per-curve minimum and post-update '
115 |               'normalization remain limitations, not a qualified common-scale comparison.',
116 | /             'Divergence diagnostic: nonfinite loss or absolute loss above 1e6; '
117 | |             'all trajectories remain in the denominator and retained raw evidence.',
    | |___________________________________________________________________________________^
118 |           ],
119 |           "split_families": {'train': sorted({t.family_id for t in train}),
    |
help: Did you forget a comma?
help: Wrap implicitly concatenated strings in parentheses

I001 [*] Import block is un-sorted or un-formatted
 --> src/world_series/qlearn/features.py:1:1
  |
1 | / from __future__ import annotations
2 | | import torch
  | |____________^
3 |
4 |   def build_features(grad: torch.Tensor, momentum: torch.Tensor, loss: torch.Tensor, remaining_budget: float) -> torch.Tensor:
  |
help: Organize imports
  |
1 | from __future__ import annotations
2 +
3 | import torch
4 |
5 +
6 | def build_features(grad: torch.Tensor, momentum: torch.Tensor, loss: torch.Tensor, remaining_budget: float) -> torch.Tensor:
  |

I001 [*] Import block is un-sorted or un-formatted
 --> src/world_series/qlearn/functional.py:1:1
  |
1 | / from __future__ import annotations
2 | | import numpy as np
3 | | import torch
  | |____________^
4 |
5 |   def flatten_params(params: dict[str, torch.Tensor]) -> tuple[torch.Tensor, dict]:
  |
help: Organize imports
  |
1 | from __future__ import annotations
2 +
3 | import numpy as np
4 | import torch
5 |
6 +
7 | def flatten_params(params: dict[str, torch.Tensor]) -> tuple[torch.Tensor, dict]:
  |

I001 [*] Import block is un-sorted or un-formatted
 --> src/world_series/qlearn/malis.py:2:1
  |
1 |   """Bounded discrete action engine. This is a development MALIS subset."""
2 | / import copy
3 | | import random
4 | | import numpy as np
5 | | import torch
  | |____________^
6 |
7 |   ACTIONS = ('sgd', 'momentum', 'adamw', 'replay', 'huber', 'checkpoint', 'rollback')
  |
help: Organize imports
  |
3 | import random
4 +
5 | import numpy as np
  |

I001 [*] Import block is un-sorted or un-formatted
 --> src/world_series/qlearn/meta_train.py:1:1
  |
1 | / from __future__ import annotations
2 | | import torch
3 | | from world_series.qlearn.functional import np_to_torch_spd
4 | | from world_series.qlearn.policy import BoundedDiagonalPolicy
5 | | from world_series.qlearn.unroll import unroll_quadratic
  | |_______________________________________________________^
6 |
7 |   def meta_step(tasks, policy: BoundedDiagonalPolicy, steps: int = 4, lr: float = 0.01):
  |
help: Organize imports
   |
1  | from __future__ import annotations
2  +
3  | import torch
4  +
5  | from world_series.qlearn.functional import np_to_torch_spd
6  | from world_series.qlearn.policy import BoundedDiagonalPolicy
7  | from world_series.qlearn.unroll import unroll_quadratic
8  |
9  +
10 | def meta_step(tasks, policy: BoundedDiagonalPolicy, steps: int = 4, lr: float = 0.01):
   |

I001 [*] Import block is un-sorted or un-formatted
  --> src/world_series/qlearn/natural_study.py:2:1
   |
 1 |   """Natural-data binary digit optimizees; whole digit pairs separated by role."""
 2 | / from __future__ import annotations
 3 | | import copy
 4 | | from dataclasses import dataclass
 5 | | import hashlib
 6 | | import io
 7 | | import time
 8 | | from pathlib import Path
 9 | | import numpy as np
10 | | import torch
11 | | from torch.func import functional_call
12 | |
13 | | from world_series.core.budgets import Budget, BudgetLedger
14 | | from world_series.qlearn.regression import RegressionTask, RecurrentUpdatePolicy, MetaTrainer, adapt, fixed_adapt, trajectory_record…
15 | | from world_series.qlearn.regression_study import summarize, dataset_hash
   | |________________________________________________________________________^
help: Organize imports
   |
2  | from __future__ import annotations
3  +
4  | import copy
   - from dataclasses import dataclass
5  | import hashlib
6  | import io
7  | import time
8  + from dataclasses import dataclass
9  | from pathlib import Path
10 +
11 | import numpy as np
--------------------------------------------------------------------------------
15 | from world_series.core.budgets import Budget, BudgetLedger
   - from world_series.qlearn.regression import RegressionTask, RecurrentUpdatePolicy, MetaTrainer, adapt, fixed_adapt, trajectory_record, loss
   - from world_series.qlearn.regression_study import summarize, dataset_hash
16 + from world_series.qlearn.regression import (
17 +     MetaTrainer,
18 +     RecurrentUpdatePolicy,
19 +     RegressionTask,
20 +     adapt,
21 +     fixed_adapt,
22 +     loss,
23 +     trajectory_record,
24 + )
25 + from world_series.qlearn.regression_study import dataset_hash, summarize
26 |
   |

I001 [*] Import block is un-sorted or un-formatted
 --> src/world_series/qlearn/policy.py:1:1
  |
1 | / from __future__ import annotations
2 | | import torch
3 | | import torch.nn as nn
4 | | from world_series.core.contracts import ErrorCode, WorldSeriesError
  | |___________________________________________________________________^
5 |
6 |   class BoundedDiagonalPolicy(nn.Module):
  |
help: Organize imports
  |
1 | from __future__ import annotations
2 +
3 | import torch
4 | import torch.nn as nn
5 +
6 | from world_series.core.contracts import ErrorCode, WorldSeriesError
7 |
8 +
9 | class BoundedDiagonalPolicy(nn.Module):
  |

PLR0402 [*] Use `from torch import nn` in lieu of alias
 --> src/world_series/qlearn/policy.py:3:8
  |
1 | from __future__ import annotations
2 | import torch
3 | import torch.nn as nn
  |        ^^^^^^^^^^^^^^
4 | from world_series.core.contracts import ErrorCode, WorldSeriesError
  |
help: Replace with `from torch import nn`
  |
2 | import torch
  - import torch.nn as nn
3 + from torch import nn
4 | from world_series.core.contracts import ErrorCode, WorldSeriesError
  |

I001 [*] Import block is un-sorted or un-formatted
  --> src/world_series/qlearn/regression.py:7:1
   |
 5 |   they never enter an adaptation update or controller observation.
 6 |   """
 7 | / from __future__ import annotations
 8 | |
 9 | | import copy
10 | | from contextlib import nullcontext
11 | | import io
12 | | import math
13 | | import random
14 | | import time
15 | | from dataclasses import dataclass
16 | | from typing import Callable
17 | |
18 | | import numpy as np
19 | | import torch
20 | | from torch import nn
21 | | from torch.func import functional_call
22 | |
23 | | from world_series.core.budgets import BudgetLedger
   | |__________________________________________________^
help: Organize imports
   |
9  | import copy
   - from contextlib import nullcontext
10 | import io
11 | import math
12 | import random
13 | import time
14 + from contextlib import nullcontext
15 | from dataclasses import dataclass
   |

UP035 [*] Import from `collections.abc` instead: `Callable`
  --> src/world_series/qlearn/regression.py:16:1
   |
14 | import time
15 | from dataclasses import dataclass
16 | from typing import Callable
   | ^^^^^^^^^^^^^^^^^^^^^^^^^^^
17 |
18 | import numpy as np
   |
help: Import from `collections.abc`
   |
15 | from dataclasses import dataclass
   - from typing import Callable
16 + from collections.abc import Callable
17 |
   |

I001 [*] Import block is un-sorted or un-formatted
  --> src/world_series/qlearn/regression_study.py:2:1
   |
 1 |   """Finite, source-bound development matrix for neural bounded-update policies."""
 2 | / from __future__ import annotations
 3 | |
 4 | | from collections import defaultdict
 5 | | import hashlib
 6 | | import io
 7 | | import json
 8 | | import math
 9 | | import time
10 | |
11 | | import numpy as np
12 | | import torch
13 | |
14 | | from world_series.core.budgets import Budget, BudgetLedger
15 | | from world_series.core.contracts import RunStatus
16 | | from world_series.qlearn.regression import (
17 | |     MetaTrainer, RecurrentUpdatePolicy, adapt, fixed_adapt,
18 | |     regression_task, trajectory_record,
19 | | )
   | |_^
help: Organize imports
   |
3  |
   - from collections import defaultdict
4  | import hashlib
--------------------------------------------------------------------------------
8  | import time
9  + from collections import defaultdict
10 |
--------------------------------------------------------------------------------
16 | from world_series.qlearn.regression import (
   -     MetaTrainer, RecurrentUpdatePolicy, adapt, fixed_adapt,
   -     regression_task, trajectory_record,
17 +     MetaTrainer,
18 +     RecurrentUpdatePolicy,
19 +     adapt,
20 +     fixed_adapt,
21 +     regression_task,
22 +     trajectory_record,
23 | )
   -
24 |
   |

B023 Function definition does not bind loop variable `seed`
   --> src/world_series/qlearn/regression_study.py:108:36
    |
106 |     for seed in seeds:
107 |         def make(i, family, width, partition):
108 |             return regression_task(seed * 1000 + i, family, width=width,
    |                                    ^^^^
109 |                                    dim=params['input_dim'], support_size=params['support_size'],
110 |                                    query_size=params['query_size'], namespace=partition)
    |

B023 Function definition does not bind loop variable `variant`
   --> src/world_series/qlearn/regression_study.py:162:51
    |
160 |                 failed = None
161 |                 def retain(task, trajectory):
162 |                     row = trajectory_record(task, variant, trajectory, train_steps)
    |                                                   ^^^^^^^
163 |                     row['meta_step'] = trainer.completed_steps
164 |                     training_rows.append(row)
    |

B023 Function definition does not bind loop variable `trainer`
   --> src/world_series/qlearn/regression_study.py:163:40
    |
161 |                 def retain(task, trajectory):
162 |                     row = trajectory_record(task, variant, trajectory, train_steps)
163 |                     row['meta_step'] = trainer.completed_steps
    |                                        ^^^^^^^
164 |                     training_rows.append(row)
165 |                 try:
    |

B023 Function definition does not bind loop variable `training_rows`
   --> src/world_series/qlearn/regression_study.py:164:21
    |
162 |                     row = trajectory_record(task, variant, trajectory, train_steps)
163 |                     row['meta_step'] = trainer.completed_steps
164 |                     training_rows.append(row)
    |                     ^^^^^^^^^^^^^
165 |                 try:
166 |                     for _ in range(outer_steps):
    |

ISC004 Unparenthesized implicit string concatenation in collection
   --> src/world_series/qlearn/regression_study.py:226:13
    |
224 |               'Development evidence; no externally frozen confirmation or independent reproduction.',
225 |               'Constructed numerical regression, not the required natural image/sequence extensions.',
226 | /             'Matched support-gradient horizons and tuning-count budgets; total meta-training '
227 | |             'and wall-time costs are measured separately and are not equal.',
    | |____________________________________________________________________________^
228 |               'Discrete optimizer/replay/loss/rollback MALIS actions remain a separate incomplete delivery.',
229 |               'Celo2/ELO and initialization-only external comparators are not implemented here.',
    |
help: Did you forget a comma?
help: Wrap implicitly concatenated strings in parentheses

I001 [*] Import block is un-sorted or un-formatted
 --> src/world_series/qlearn/tasks.py:1:1
  |
1 | / from __future__ import annotations
2 | | from dataclasses import dataclass
3 | | import numpy as np
4 | | from world_series.core.seeds import SeedBundle, SeededStreams
5 | | from world_series.data.generators import QuadraticTask, generate_quadratics
6 | | from world_series.data.splits import FamilyRecord, split_by_family
  | |__________________________________________________________________^
7 |
8 |   @dataclass
  |
help: Organize imports
   |
1  | from __future__ import annotations
2  +
3  | from dataclasses import dataclass
4  +
5  | import numpy as np
6  +
7  | from world_series.core.seeds import SeedBundle, SeededStreams
8  | from world_series.data.generators import QuadraticTask, generate_quadratics
9  | from world_series.data.splits import FamilyRecord, split_by_family
10 |
11 +
12 | @dataclass
   |

I001 [*] Import block is un-sorted or un-formatted
 --> src/world_series/qlearn/unroll.py:1:1
  |
1 | / from __future__ import annotations
2 | | import torch
3 | | from world_series.qlearn.features import build_features
4 | | from world_series.qlearn.functional import quadratic_loss_torch
  | |_______________________________________________________________^
5 |
6 |   def bounded_update(theta: torch.Tensor, grad: torch.Tensor, eta: torch.Tensor, d: torch.Tensor) -> torch.Tensor:
  |
help: Organize imports
  |
1 | from __future__ import annotations
2 +
3 | import torch
4 +
5 | from world_series.qlearn.features import build_features
6 | from world_series.qlearn.functional import quadratic_loss_torch
7 |
8 +
9 | def bounded_update(theta: torch.Tensor, grad: torch.Tensor, eta: torch.Tensor, d: torch.Tensor) -> torch.Tensor:
  |

I001 [*] Import block is un-sorted or un-formatted
 --> src/world_series/qwipii/adapter.py:1:1
  |
1 | / from __future__ import annotations
2 | | from world_series.core.budgets import Budget, BudgetLedger
3 | | from world_series.core.contracts import ModuleRequest, ModuleResult, RunStatus
4 | | from world_series.core.registry import Capability, CapabilityState, get_registry
5 | | from world_series.qwipii.domains import RingState
6 | | from world_series.qwipii.search import quotient_bfs, replay
  | |___________________________________________________________^
7 |
8 |   def solve_invariant_problem(request: ModuleRequest) -> ModuleResult:
  |
help: Organize imports
   |
1  | from __future__ import annotations
2  +
3  | from world_series.core.budgets import Budget, BudgetLedger
--------------------------------------------------------------------------------
8  |
9  +
10 | def solve_invariant_problem(request: ModuleRequest) -> ModuleResult:
   |

F401 [*] `world_series.core.budgets.Budget` imported but unused
 --> src/world_series/qwipii/adapter.py:2:39
  |
1 | from __future__ import annotations
2 | from world_series.core.budgets import Budget, BudgetLedger
  |                                       ^^^^^^
3 | from world_series.core.contracts import ModuleRequest, ModuleResult, RunStatus
4 | from world_series.core.registry import Capability, CapabilityState, get_registry
  |
help: Remove unused import: `world_series.core.budgets.Budget`
  |
1 | from __future__ import annotations
  - from world_series.core.budgets import Budget, BudgetLedger
2 + from world_series.core.budgets import BudgetLedger
3 | from world_series.core.contracts import ModuleRequest, ModuleResult, RunStatus
  |

I001 [*] Import block is un-sorted or un-formatted
 --> src/world_series/qwipii/canonicalize.py:1:1
  |
1 | / from __future__ import annotations
2 | | from world_series.qwipii.domains import RingState
3 | | from world_series.qwipii.group_actions import dihedral_actions, apply_to_state
  | |______________________________________________________________________________^
4 |
5 |   def canonicalize(state: RingState):
  |
help: Organize imports
  |
1 | from __future__ import annotations
2 +
3 | from world_series.qwipii.domains import RingState
  - from world_series.qwipii.group_actions import dihedral_actions, apply_to_state
4 + from world_series.qwipii.group_actions import apply_to_state, dihedral_actions
5 +
6 |
  |

I001 [*] Import block is un-sorted or un-formatted
 --> src/world_series/qwipii/certificates.py:1:1
  |
1 | / from __future__ import annotations
2 | | from dataclasses import asdict, dataclass
3 | | from typing import Any
  | |______________________^
4 |
5 |   @dataclass
  |
help: Organize imports
  |
1 | from __future__ import annotations
2 +
3 | from dataclasses import asdict, dataclass
4 | from typing import Any
5 |
6 +
7 | @dataclass
  |

I001 [*] Import block is un-sorted or un-formatted
 --> src/world_series/qwipii/discovery.py:1:1
  |
1 | / from __future__ import annotations
2 | | from world_series.qwipii.group_actions import dihedral_actions, apply_to_state, rotate_tokens, reflect_tokens
3 | | from world_series.qwipii.verifier import verify_automorphism, complete_domain
4 | | from world_series.qwipii.domains import RingState
  | |_________________________________________________^
5 |
6 |   def propose_grammar(n: int) -> list[tuple[str, object, str]]:
  |
help: Organize imports
   |
1  | from __future__ import annotations
   - from world_series.qwipii.group_actions import dihedral_actions, apply_to_state, rotate_tokens, reflect_tokens
   - from world_series.qwipii.verifier import verify_automorphism, complete_domain
2  +
3  | from world_series.qwipii.domains import RingState
4  + from world_series.qwipii.group_actions import (
5  +     apply_to_state,
6  +     dihedral_actions,
7  +     reflect_tokens,
8  +     rotate_tokens,
9  + )
10 + from world_series.qwipii.verifier import complete_domain, verify_automorphism
11 +
12 |
   |

F401 [*] `world_series.qwipii.group_actions.rotate_tokens` imported but unused
 --> src/world_series/qwipii/discovery.py:2:81
  |
1 | from __future__ import annotations
2 | from world_series.qwipii.group_actions import dihedral_actions, apply_to_state, rotate_tokens, reflect_tokens
  |                                                                                 ^^^^^^^^^^^^^
3 | from world_series.qwipii.verifier import verify_automorphism, complete_domain
4 | from world_series.qwipii.domains import RingState
  |
help: Remove unused import
  |
1 | from __future__ import annotations
  - from world_series.qwipii.group_actions import dihedral_actions, apply_to_state, rotate_tokens, reflect_tokens
2 + from world_series.qwipii.group_actions import dihedral_actions, apply_to_state
3 | from world_series.qwipii.verifier import verify_automorphism, complete_domain
  |

F401 [*] `world_series.qwipii.group_actions.reflect_tokens` imported but unused
 --> src/world_series/qwipii/discovery.py:2:96
  |
1 | from __future__ import annotations
2 | from world_series.qwipii.group_actions import dihedral_actions, apply_to_state, rotate_tokens, reflect_tokens
  |                                                                                                ^^^^^^^^^^^^^^
3 | from world_series.qwipii.verifier import verify_automorphism, complete_domain
4 | from world_series.qwipii.domains import RingState
  |
help: Remove unused import
  |
1 | from __future__ import annotations
  - from world_series.qwipii.group_actions import dihedral_actions, apply_to_state, rotate_tokens, reflect_tokens
2 + from world_series.qwipii.group_actions import dihedral_actions, apply_to_state
3 | from world_series.qwipii.verifier import verify_automorphism, complete_domain
  |

I001 [*] Import block is un-sorted or un-formatted
 --> src/world_series/qwipii/domains.py:1:1
  |
1 | / from __future__ import annotations
2 | | from dataclasses import dataclass
3 | | from typing import Iterable
  | |___________________________^
4 |
5 |   @dataclass(frozen=True)
  |
help: Organize imports
  |
1 | from __future__ import annotations
2 +
3 | from dataclasses import dataclass
4 | from typing import Iterable
5 |
6 +
7 | @dataclass(frozen=True)
  |

UP035 [*] Import from `collections.abc` instead: `Iterable`
 --> src/world_series/qwipii/domains.py:3:1
  |
1 | from __future__ import annotations
2 | from dataclasses import dataclass
3 | from typing import Iterable
  | ^^^^^^^^^^^^^^^^^^^^^^^^^^^
4 |
5 | @dataclass(frozen=True)
  |
help: Import from `collections.abc`
  |
2 | from dataclasses import dataclass
  - from typing import Iterable
3 + from collections.abc import Iterable
4 |
  |

I001 [*] Import block is un-sorted or un-formatted
  --> src/world_series/qwipii/evaluate.py:1:1
   |
 1 | / from __future__ import annotations
 2 | | from fractions import Fraction
 3 | | from typing import Any
 4 | | from world_series.core.budgets import Budget, BudgetLedger
 5 | | from world_series.core.contracts import RunStatus
 6 | | from world_series.evaluation.runner import RunDirectory
 7 | | from world_series.qwipii.domains import RingState
 8 | | from world_series.qwipii.search import bfs, quotient_bfs, ranking_only_bfs, replay
 9 | | from world_series.qwipii.projective import cross_ratio_invariant
10 | | from world_series.qwipii.certificates import Certificate
11 | | from world_series.qwipii.discovery import discover_and_verify
   | |_____________________________________________________________^
12 |
13 |   def _problems():
   |
help: Organize imports
   |
1  | from __future__ import annotations
2  +
3  | from fractions import Fraction
4  | from typing import Any
5  +
6  | from world_series.core.budgets import Budget, BudgetLedger
7  | from world_series.core.contracts import RunStatus
8  | from world_series.evaluation.runner import RunDirectory
   - from world_series.qwipii.domains import RingState
   - from world_series.qwipii.search import bfs, quotient_bfs, ranking_only_bfs, replay
   - from world_series.qwipii.projective import cross_ratio_invariant
9  | from world_series.qwipii.certificates import Certificate
10 | from world_series.qwipii.discovery import discover_and_verify
11 + from world_series.qwipii.domains import RingState
12 + from world_series.qwipii.projective import cross_ratio_invariant
13 + from world_series.qwipii.search import bfs, quotient_bfs, ranking_only_bfs, replay
14 +
15 |
   |

RUF059 Unpacked variable `path_b` is never used
  --> src/world_series/qwipii/evaluate.py:27:9
   |
25 |     rows = []
26 |     for start in problems:
27 |         path_b, exp_b, st_b = bfs(start, ledger, max_expansions=400)
   |         ^^^^^^
28 |         path_q, exp_q, st_q = quotient_bfs(start, ledger, max_expansions=400)
29 |         # ranking-only: prefer states closer to goal by Hamming
   |
help: Prefix it with an underscore or any other dummy variable pattern

RUF059 Unpacked variable `path_r` is never used
  --> src/world_series/qwipii/evaluate.py:32:9
   |
30 |         def ranker(s: RingState) -> float:
31 |             return -sum(int(a != b) for a, b in zip(s.tokens, s.goal))
32 |         path_r, exp_r, st_r = ranking_only_bfs(start, ledger, ranker, max_expansions=400)
   |         ^^^^^^
33 |         lifted_ok = False
34 |         if path_q is not None:
   |
help: Prefix it with an underscore or any other dummy variable pattern

I001 [*] Import block is un-sorted or un-formatted
 --> src/world_series/qwipii/group_actions.py:1:1
  |
1 | / from __future__ import annotations
2 | | from world_series.qwipii.domains import RingState
  | |_________________________________________________^
3 |
4 |   def rotate_tokens(tokens: tuple[int, ...], k: int) -> tuple[int, ...]:
  |
help: Organize imports
  |
1 | from __future__ import annotations
2 +
3 | from world_series.qwipii.domains import RingState
4 |
5 +
6 | def rotate_tokens(tokens: tuple[int, ...], k: int) -> tuple[int, ...]:
  |

I001 [*] Import block is un-sorted or un-formatted
 --> src/world_series/qwipii/learned_discovery.py:2:1
  |
1 |   """Trainable proposal ranking; scores never constitute proof certificates."""
2 | / from dataclasses import dataclass
3 | | import numpy as np
4 | | from world_series.qwipii.discovery import propose_grammar
5 | | from world_series.qwipii.domains import RingState, neighbors
6 | | from world_series.qwipii.verifier import complete_domain, verify_automorphism
  | |_____________________________________________________________________________^
help: Organize imports
  |
2 | from dataclasses import dataclass
3 +
4 | import numpy as np
5 +
6 | from world_series.qwipii.discovery import propose_grammar
  |

I001 [*] Import block is un-sorted or un-formatted
 --> src/world_series/qwipii/projective.py:1:1
  |
1 | / from __future__ import annotations
2 | | from fractions import Fraction
3 | | from world_series.core.contracts import ErrorCode, WorldSeriesError
  | |___________________________________________________________________^
4 |
5 |   def mobius(a, b, c, d, x):
  |
help: Organize imports
  |
1 | from __future__ import annotations
2 +
3 | from fractions import Fraction
4 +
5 | from world_series.core.contracts import ErrorCode, WorldSeriesError
6 |
7 +
8 | def mobius(a, b, c, d, x):
  |

I001 [*] Import block is un-sorted or un-formatted
 --> src/world_series/qwipii/search.py:1:1
  |
1 | / from __future__ import annotations
2 | | from collections import deque
3 | | from world_series.qwipii.domains import RingState, neighbors, is_goal
4 | | from world_series.qwipii.canonicalize import canonicalize
5 | | from world_series.core.budgets import BudgetLedger
  | |__________________________________________________^
6 |
7 |   def bfs(start: RingState, ledger: BudgetLedger, max_expansions: int = 500):
  |
help: Organize imports
  |
1 | from __future__ import annotations
2 +
3 | from collections import deque
  - from world_series.qwipii.domains import RingState, neighbors, is_goal
  - from world_series.qwipii.canonicalize import canonicalize
4 +
5 | from world_series.core.budgets import BudgetLedger
6 + from world_series.qwipii.canonicalize import canonicalize
7 + from world_series.qwipii.domains import RingState, is_goal, neighbors
8 +
9 |
  |

RUF059 Unpacked variable `start_can` is never used
  --> src/world_series/qwipii/search.py:52:5
   |
50 |     # use priority queue by (-score, expansions, state)
51 |     import heapq
52 |     start_can, _, _ = canonicalize(start)
   |     ^^^^^^^^^
53 |     h = []
54 |     counter = 0
   |
help: Prefix it with an underscore or any other dummy variable pattern

I001 [*] Import block is un-sorted or un-formatted
 --> src/world_series/qwipii/verifier.py:1:1
  |
1 | / from __future__ import annotations
2 | |
3 | | from collections import Counter
4 | | from hashlib import sha256
5 | | from math import factorial
6 | | import json
7 | | from world_series.qwipii.domains import RingState, neighbors
  | |____________________________________________________________^
help: Organize imports
  |
2 |
3 + import json
4 | from collections import Counter
5 | from hashlib import sha256
6 | from math import factorial
  - import json
7 +
8 | from world_series.qwipii.domains import RingState, neighbors
  |

BLE001 Do not catch blind exception: `Exception`
  --> src/world_series/qwipii/verifier.py:61:12
   |
59 |         if any(tuple(act(t)) != mapping[t] for t in sorted(domain)):
60 |             return fail("unstable_action")
61 |     except Exception as exc:
   |            ^^^^^^^^^
62 |         return fail("action_error", error=type(exc).__name__)
63 |     target_goal = mapping[goal]
   |

I001 [*] Import block is un-sorted or un-formatted
 --> src/world_series/ultron/adapter.py:1:1
  |
1 | / from __future__ import annotations
2 | | from world_series.core.contracts import ModuleRequest, ModuleResult, RunStatus
3 | | from world_series.core.registry import Capability, CapabilityState, get_registry
  | |________________________________________________________________________________^
4 |
5 |   def orchestrate_episode(request: ModuleRequest) -> ModuleResult:
  |
help: Organize imports
  |
1 | from __future__ import annotations
2 +
3 | from world_series.core.contracts import ModuleRequest, ModuleResult, RunStatus
4 | from world_series.core.registry import Capability, CapabilityState, get_registry
5 |
6 +
7 | def orchestrate_episode(request: ModuleRequest) -> ModuleResult:
  |

F401 [*] `world_series.ultron.evaluate.run_experiment` imported but unused
 --> src/world_series/ultron/adapter.py:6:46
  |
5 | def orchestrate_episode(request: ModuleRequest) -> ModuleResult:
6 |     from world_series.ultron.evaluate import run_experiment
  |                                              ^^^^^^^^^^^^^^
7 |     # not used via run_experiment path directly
8 |     return ModuleResult(status=RunStatus.SUCCEEDED, diagnostics={"note": "use ultron evaluate"}, verification_status="PLUMBING_ONLY")
  |
help: Remove unused import: `world_series.ultron.evaluate.run_experiment`
  |
5 | def orchestrate_episode(request: ModuleRequest) -> ModuleResult:
  -     from world_series.ultron.evaluate import run_experiment
6 |     # not used via run_experiment path directly
  |

S112 `try`-`except`-`continue` detected, consider logging the exception
  --> src/world_series/ultron/capabilities.py:22:9
   |
20 |           try:
21 |               importlib.import_module(mod).register()
22 | /         except Exception:
23 | |             continue
   | |____________________^

BLE001 Do not catch blind exception: `Exception`
  --> src/world_series/ultron/capabilities.py:22:16
   |
20 |         try:
21 |             importlib.import_module(mod).register()
22 |         except Exception:
   |                ^^^^^^^^^
23 |             continue
   |

I001 [*] Import block is un-sorted or un-formatted
  --> src/world_series/ultron/evaluate.py:1:1
   |
 1 | / from __future__ import annotations
 2 | | from typing import Any
 3 | | from world_series.core.budgets import Budget
 4 | | from world_series.core.contracts import RunStatus
 5 | | from world_series.evaluation.runner import RunDirectory
 6 | | from world_series.ultron.capabilities import bootstrap_adapters, available_ops
 7 | | from world_series.ultron.state import EpisodeState
 8 | | from world_series.ultron.router import static_route, cheapest_valid, random_valid
 9 | | from world_series.ultron.executor import execute_action
10 | | from world_series.ultron.evidence import EvidenceDAG
11 | | from world_series.ultron.verifier_client import local_dev_verifier
12 | | from world_series.ultron.train_router import LinearRouter, OPS
   | |______________________________________________________________^
13 |
14 |   TASK_DEFAULTS = {
   |
help: Organize imports
   |
1  | from __future__ import annotations
2  +
3  | from typing import Any
4  +
5  | from world_series.core.budgets import Budget
6  | from world_series.core.contracts import RunStatus
7  | from world_series.evaluation.runner import RunDirectory
   - from world_series.ultron.capabilities import bootstrap_adapters, available_ops
8  + from world_series.ultron.capabilities import available_ops, bootstrap_adapters
9  + from world_series.ultron.evidence import EvidenceDAG
10 + from world_series.ultron.executor import execute_action
11 + from world_series.ultron.router import cheapest_valid, random_valid, static_route
12 | from world_series.ultron.state import EpisodeState
   - from world_series.ultron.router import static_route, cheapest_valid, random_valid
   - from world_series.ultron.executor import execute_action
   - from world_series.ultron.evidence import EvidenceDAG
13 + from world_series.ultron.train_router import OPS, LinearRouter
14 | from world_series.ultron.verifier_client import local_dev_verifier
   - from world_series.ultron.train_router import LinearRouter, OPS
15 |
   |

F401 [*] `world_series.ultron.train_router.OPS` imported but unused
  --> src/world_series/ultron/evaluate.py:12:60
   |
10 | from world_series.ultron.evidence import EvidenceDAG
11 | from world_series.ultron.verifier_client import local_dev_verifier
12 | from world_series.ultron.train_router import LinearRouter, OPS
   |                                                            ^^^
13 |
14 | TASK_DEFAULTS = {
   |
help: Remove unused import: `world_series.ultron.train_router.OPS`
   |
11 | from world_series.ultron.verifier_client import local_dev_verifier
   - from world_series.ultron.train_router import LinearRouter, OPS
12 + from world_series.ultron.train_router import LinearRouter
13 |
   |

RUF059 Unpacked variable `state2` is never used
  --> src/world_series/ultron/evaluate.py:29:9
   |
27 |             rows.append({"task_type": tt, "op": None, "ok": False, "cost": 0.0})
28 |             continue
29 |         state2, receipt = execute_action(state, op, budget, dag)
   |         ^^^^^^
30 |         ver = local_dev_verifier(tt, receipt.get("diagnostics") or {}, selected_op=op)
31 |         cost = float((receipt.get("cost") or {}).get("wall_seconds", 0.0))
   |
help: Prefix it with an underscore or any other dummy variable pattern

I001 [*] Import block is un-sorted or un-formatted
 --> src/world_series/ultron/evidence.py:1:1
  |
1 | / from __future__ import annotations
2 | | from dataclasses import dataclass, field
3 | | from typing import Any
4 | | from world_series.core.contracts import ErrorCode, WorldSeriesError
5 | | from world_series.core.artifacts import sha256_bytes
6 | | import json
  | |___________^
7 |
8 |   @dataclass
  |
help: Organize imports
   |
1  | from __future__ import annotations
2  +
3  + import json
4  | from dataclasses import dataclass, field
5  | from typing import Any
   - from world_series.core.contracts import ErrorCode, WorldSeriesError
6  +
7  | from world_series.core.artifacts import sha256_bytes
   - import json
8  + from world_series.core.contracts import ErrorCode, WorldSeriesError
9  +
10 |
   |

I001 [*] Import block is un-sorted or un-formatted
 --> src/world_series/ultron/executor.py:1:1
  |
1 | / from __future__ import annotations
2 | | from world_series.core.budgets import Budget, BudgetLedger
3 | | from world_series.core.contracts import ModuleRequest, RunStatus
4 | | from world_series.core.registry import get_registry
5 | | from world_series.ultron.state import EpisodeState
6 | | from world_series.ultron.evidence import EvidenceDAG
  | |____________________________________________________^
7 |
8 |   def execute_action(state: EpisodeState, op: str, budget: Budget, dag: EvidenceDAG) -> tuple[EpisodeState, dict]:
  |
help: Organize imports
   |
1  | from __future__ import annotations
2  +
3  | from world_series.core.budgets import Budget, BudgetLedger
4  | from world_series.core.contracts import ModuleRequest, RunStatus
5  | from world_series.core.registry import get_registry
6  + from world_series.ultron.evidence import EvidenceDAG
7  | from world_series.ultron.state import EpisodeState
   - from world_series.ultron.evidence import EvidenceDAG
8  |
9  +
10 | def execute_action(state: EpisodeState, op: str, budget: Budget, dag: EvidenceDAG) -> tuple[EpisodeState, dict]:
   |

I001 [*] Import block is un-sorted or un-formatted
 --> src/world_series/ultron/router.py:1:1
  |
1 | / from __future__ import annotations
2 | | import random
3 | | from world_series.ultron.state import EpisodeState
  | |__________________________________________________^
4 |
5 |   TASK_DEFAULTS = {
  |
help: Organize imports
  |
1 | from __future__ import annotations
2 +
3 | import random
4 +
5 | from world_series.ultron.state import EpisodeState
  |

FURB192 Prefer `min` over `sorted()` to compute the minimum value in a sequence
  --> src/world_series/ultron/router.py:22:12
   |
20 |     if state.task_type in TASK_DEFAULTS and TASK_DEFAULTS[state.task_type] in available:
21 |         return TASK_DEFAULTS[state.task_type]
22 |     return sorted(valid)[0] if valid else None
   |            ^^^^^^^^^^^^^^^^
23 |
24 | def random_valid(state: EpisodeState, available: list[str], seed: int = 0) -> str | None:
   |
help: Replace with `min`

I001 [*] Import block is un-sorted or un-formatted
 --> src/world_series/ultron/state.py:1:1
  |
1 | / from __future__ import annotations
2 | | from dataclasses import dataclass, field
3 | | from typing import Any
  | |______________________^
4 |
5 |   @dataclass(frozen=True)
  |
help: Organize imports
  |
1 | from __future__ import annotations
2 +
3 | from dataclasses import dataclass, field
4 | from typing import Any
5 |
6 +
7 | @dataclass(frozen=True)
  |

F401 [*] `dataclasses.field` imported but unused
 --> src/world_series/ultron/state.py:2:36
  |
1 | from __future__ import annotations
2 | from dataclasses import dataclass, field
  |                                    ^^^^^
3 | from typing import Any
  |
help: Remove unused import: `dataclasses.field`
  |
1 | from __future__ import annotations
  - from dataclasses import dataclass, field
2 + from dataclasses import dataclass
3 | from typing import Any
  |

F401 [*] `typing.Any` imported but unused
 --> src/world_series/ultron/state.py:3:20
  |
1 | from __future__ import annotations
2 | from dataclasses import dataclass, field
3 | from typing import Any
  |                    ^^^
4 |
5 | @dataclass(frozen=True)
  |
help: Remove unused import: `typing.Any`
  |
2 | from dataclasses import dataclass, field
  - from typing import Any
3 |
  |

I001 [*] Import block is un-sorted or un-formatted
 --> src/world_series/ultron/train_router.py:1:1
  |
1 | / from __future__ import annotations
2 | | from dataclasses import dataclass
3 | | import math
  | |___________^
4 |
5 |   TASK_FEATURES = {
  |
help: Organize imports
  |
1 | from __future__ import annotations
  - from dataclasses import dataclass
2 +
3 | import math
4 + from dataclasses import dataclass
5 |
  |

F401 [*] `math` imported but unused
 --> src/world_series/ultron/train_router.py:3:8
  |
1 | from __future__ import annotations
2 | from dataclasses import dataclass
3 | import math
  |        ^^^^
4 |
5 | TASK_FEATURES = {
  |
help: Remove unused import: `math`
  |
2 | from dataclasses import dataclass
  - import math
3 |
  |

UP037 [*] Remove quotes from type annotation
  --> src/world_series/ultron/train_router.py:19:51
   |
18 |     @staticmethod
19 |     def from_oracle_traces(traces: list[dict]) -> "LinearRouter":
   |                                                   ^^^^^^^^^^^^^^
20 |         # one-shot: set weight of correct op high on that feature
21 |         w = {op: [0.0, 0.0, 0.0] for op in OPS}
   |
help: Remove quotes
   |
18 |     @staticmethod
   -     def from_oracle_traces(traces: list[dict]) -> "LinearRouter":
19 +     def from_oracle_traces(traces: list[dict]) -> LinearRouter:
20 |         # one-shot: set weight of correct op high on that feature
   |

I001 [*] Import block is un-sorted or un-formatted
 --> src/world_series/wcode/adapter.py:1:1
  |
1 | / from __future__ import annotations
2 | | from world_series.core.budgets import BudgetLedger
3 | | from world_series.core.contracts import ModuleRequest, ModuleResult, RunStatus
4 | | from world_series.core.registry import Capability, CapabilityState, get_registry
5 | | from world_series.wcode.search import synthesize
  | |________________________________________________^
6 |
7 |   def synthesize_dsl_program(request: ModuleRequest) -> ModuleResult:
  |
help: Organize imports
  |
1 | from __future__ import annotations
2 +
3 | from world_series.core.budgets import BudgetLedger
--------------------------------------------------------------------------------
7 |
8 +
9 | def synthesize_dsl_program(request: ModuleRequest) -> ModuleResult:
  |

I001 [*] Import block is un-sorted or un-formatted
 --> src/world_series/wcode/baselines.py:1:1
  |
1 | / from __future__ import annotations
2 | | from world_series.wcode.dsl import ast_nodes
  | |____________________________________________^
3 |
4 |   def uniform_priority(prog) -> float:
  |
help: Organize imports
  |
1 | from __future__ import annotations
2 +
3 | from world_series.wcode.dsl import ast_nodes
4 |
5 +
6 | def uniform_priority(prog) -> float:
  |

I001 [*] Import block is un-sorted or un-formatted
 --> src/world_series/wcode/dataset.py:1:1
  |
1 | / from __future__ import annotations
2 | | from dataclasses import dataclass
3 | | from world_series.wcode.dsl import AST, BinOp, Var, Lit, ListOp, ListLit
4 | | from world_series.data.splits import FamilyRecord, split_by_family
5 | | from world_series.core.seeds import SeedBundle, SeededStreams
  | |_____________________________________________________________^
6 |
7 |   @dataclass
  |
help: Organize imports
  |
1 | from __future__ import annotations
2 +
3 | from dataclasses import dataclass
  - from world_series.wcode.dsl import AST, BinOp, Var, Lit, ListOp, ListLit
  - from world_series.data.splits import FamilyRecord, split_by_family
4 +
5 | from world_series.core.seeds import SeedBundle, SeededStreams
6 + from world_series.data.splits import FamilyRecord, split_by_family
7 + from world_series.wcode.dsl import AST, BinOp, ListLit, ListOp, Lit, Var
8 +
9 |
  |

I001 [*] Import block is un-sorted or un-formatted
  --> src/world_series/wcode/dataset.py:24:5
   |
23 | def make_examples(prog: AST, xs: list[int]):
24 |     from world_series.wcode.interpreter import interpret, Fuel
   |     ^^^^^^^^^^^^^^^^^^^^^^^^^^^^^^^^^^^^^^^^^^^^^^^^^^^^^^^^^^
25 |     pubs, held = [], []
26 |     for i, x in enumerate(xs):
   |
help: Organize imports
   |
23 | def make_examples(prog: AST, xs: list[int]):
   -     from world_series.wcode.interpreter import interpret, Fuel
24 +     from world_series.wcode.interpreter import Fuel, interpret
25 |     pubs, held = [], []
   |

I001 [*] Import block is un-sorted or un-formatted
 --> src/world_series/wcode/dsl.py:1:1
  |
1 | / from __future__ import annotations
2 | | from dataclasses import dataclass
3 | | from typing import Any, Union
  | |_____________________________^
4 |
5 |   @dataclass(frozen=True)
  |
help: Organize imports
  |
1 | from __future__ import annotations
2 +
3 | from dataclasses import dataclass
4 | from typing import Any, Union
5 |
6 +
7 | @dataclass(frozen=True)
  |

UP007 Use `X | Y` for type annotations
  --> src/world_series/wcode/dsl.py:41:7
   |
39 |     typ: str = "int"
40 |
41 | AST = Union[Lit, Var, BinOp, If, ListLit, ListOp]
   |       ^^^^^^^^^^^^^^^^^^^^^^^^^^^^^^^^^^^^^^^^^^^
42 | ALLOWED_BINOPS = {"+", "-", "*", "//", "%", "==", "<", ">"}
   |
help: Convert to `X | Y`

I001 [*] Import block is un-sorted or un-formatted
  --> src/world_series/wcode/evaluate.py:1:1
   |
 1 | / from __future__ import annotations
 2 | | from typing import Any
 3 | | from world_series.core.budgets import Budget, BudgetLedger
 4 | | from world_series.core.contracts import RunStatus
 5 | | from world_series.evaluation.runner import RunDirectory
 6 | | from world_series.wcode.dataset import build_tasks
 7 | | from world_series.wcode.search import compare_rankers, synthesize
 8 | | from world_series.wcode.verifier import verify_program
 9 | | from world_series.wcode.graph import extract_graph, ast_hash
   | |____________________________________________________________^
10 |
11 |   def run_experiment(cfg: dict[str, Any], run: RunDirectory) -> dict[str, Any]:
   |
help: Organize imports
   |
1  | from __future__ import annotations
2  +
3  | from typing import Any
4  +
5  | from world_series.core.budgets import Budget, BudgetLedger
6  | from world_series.core.contracts import RunStatus
7  | from world_series.evaluation.runner import RunDirectory
8  | from world_series.wcode.dataset import build_tasks
9  + from world_series.wcode.graph import ast_hash, extract_graph
10 | from world_series.wcode.search import compare_rankers, synthesize
11 | from world_series.wcode.verifier import verify_program
   - from world_series.wcode.graph import extract_graph, ast_hash
12 |
13 +
14 | def run_experiment(cfg: dict[str, Any], run: RunDirectory) -> dict[str, Any]:
   |

I001 [*] Import block is un-sorted or un-formatted
 --> src/world_series/wcode/graph.py:1:1
  |
1 | / from __future__ import annotations
2 | | import hashlib
3 | | from dataclasses import dataclass
4 | | from world_series.wcode.dsl import AST, Lit, Var, BinOp, If, ListLit, ListOp
  | |____________________________________________________________________________^
5 |
6 |   @dataclass
  |
help: Organize imports
  |
1 | from __future__ import annotations
2 +
3 | import hashlib
4 | from dataclasses import dataclass
  - from world_series.wcode.dsl import AST, Lit, Var, BinOp, If, ListLit, ListOp
5 |
6 + from world_series.wcode.dsl import AST, BinOp, If, ListLit, ListOp, Lit, Var
7 +
8 +
9 | @dataclass
  |

I001 [*] Import block is un-sorted or un-formatted
 --> src/world_series/wcode/interpreter.py:1:1
  |
1 | / from __future__ import annotations
2 | | from dataclasses import dataclass
3 | | from typing import Any
4 | | from world_series.core.contracts import ErrorCode, WorldSeriesError
5 | | from world_series.wcode.dsl import AST, Lit, Var, BinOp, If, ListLit, ListOp, ALLOWED_BINOPS, ast_depth
  | |_______________________________________________________________________________________________________^
6 |
7 |   @dataclass
  |
help: Organize imports
   |
1  | from __future__ import annotations
2  +
3  | from dataclasses import dataclass
4  | from typing import Any
5  +
6  | from world_series.core.contracts import ErrorCode, WorldSeriesError
   - from world_series.wcode.dsl import AST, Lit, Var, BinOp, If, ListLit, ListOp, ALLOWED_BINOPS, ast_depth
7  + from world_series.wcode.dsl import (
8  +     ALLOWED_BINOPS,
9  +     AST,
10 +     BinOp,
11 +     If,
12 +     ListLit,
13 +     ListOp,
14 +     Lit,
15 +     Var,
16 +     ast_depth,
17 + )
18 +
19 |
   |

I001 [*] Import block is un-sorted or un-formatted
  --> src/world_series/wcode/learned.py:6:1
   |
 4 |   belong to dataset construction/evaluation, never the ranking API.
 5 |   """
 6 | / from dataclasses import dataclass
 7 | | import hashlib
 8 | | import math
 9 | | import numpy as np
10 | | import torch
11 | | from torch import nn
12 | | from world_series.wcode.dsl import Lit,Var,BinOp,If,ast_nodes
13 | | from world_series.wcode.interpreter import interpret,Fuel,validate_ast
   | |______________________________________________________________________^
14 |
15 |   DOMAIN=tuple(range(-8,9))
   |
help: Organize imports
   |
5  | """
   - from dataclasses import dataclass
6  | import hashlib
7  | import math
8  + from dataclasses import dataclass
9  +
10 | import numpy as np
11 | import torch
12 | from torch import nn
   - from world_series.wcode.dsl import Lit,Var,BinOp,If,ast_nodes
   - from world_series.wcode.interpreter import interpret,Fuel,validate_ast
13 |
14 + from world_series.wcode.dsl import BinOp, If, Lit, Var, ast_nodes
15 + from world_series.wcode.interpreter import Fuel, interpret, validate_ast
16 +
17 | DOMAIN=tuple(range(-8,9))
   |

RUF007 Prefer `itertools.pairwise()` over `zip()` when iterating over successive pairs
  --> src/world_series/wcode/learned.py:74:20
   |
72 |             edges[order].append((child,index))
73 |             edges[3].append((index,child))
74 |         for a,b in zip(indices,indices[1:]):edges[4].append((a,b));edges[5].append((b,a))
   |                    ^^^
75 |         return index
76 |     visit(program,0)
   |
help: Replace `zip()` with `itertools.pairwise()`

I001 [*] Import block is un-sorted or un-formatted
 --> src/world_series/wcode/search.py:1:1
  |
1 | / from __future__ import annotations
2 | | from world_series.wcode.dsl import Lit, Var, BinOp, ListLit, ListOp, AST
3 | | from world_series.wcode.interpreter import interpret, Fuel, validate_ast
4 | | from world_series.wcode.encoder import score_candidate
5 | | from world_series.core.budgets import BudgetLedger
  | |__________________________________________________^
6 |
7 |   def enumerate_small_programs() -> list[AST]:
  |
help: Organize imports
  |
1 | from __future__ import annotations
  - from world_series.wcode.dsl import Lit, Var, BinOp, ListLit, ListOp, AST
  - from world_series.wcode.interpreter import interpret, Fuel, validate_ast
2 +
3 + from world_series.core.budgets import BudgetLedger
4 + from world_series.wcode.dsl import AST, BinOp, ListLit, ListOp, Lit, Var
5 | from world_series.wcode.encoder import score_candidate
  - from world_series.core.budgets import BudgetLedger
6 + from world_series.wcode.interpreter import Fuel, interpret, validate_ast
7 +
8 |
  |

S112 `try`-`except`-`continue` detected, consider logging the exception
  --> src/world_series/wcode/search.py:33:9
   |
31 |               if ok:
32 |                   return prog, True, ledger.candidate_evals
33 | /         except Exception:
34 | |             continue
   | |____________________^
35 |       return None, False, ledger.candidate_evals
   |

BLE001 Do not catch blind exception: `Exception`
  --> src/world_series/wcode/search.py:33:16
   |
31 |             if ok:
32 |                 return prog, True, ledger.candidate_evals
33 |         except Exception:
   |                ^^^^^^^^^
34 |             continue
35 |     return None, False, ledger.candidate_evals
   |

I001 [*] Import block is un-sorted or un-formatted
 --> src/world_series/wcode/verifier.py:1:1
  |
1 | / from __future__ import annotations
2 | | from world_series.wcode.interpreter import interpret, Fuel, validate_ast
  | |________________________________________________________________________^
3 |
4 |   def verify_program(prog, tests: list[tuple[dict, int]], exhaustive_domain: list[int] | None = None) -> dict:
  |
help: Organize imports
  |
1 | from __future__ import annotations
  - from world_series.wcode.interpreter import interpret, Fuel, validate_ast
2 |
3 + from world_series.wcode.interpreter import Fuel, interpret, validate_ast
4 +
5 +
6 | def verify_program(prog, tests: list[tuple[dict, int]], exhaustive_domain: list[int] | None = None) -> dict:
  |

I001 [*] Import block is un-sorted or un-formatted
 --> src/world_series/wfim/adapter.py:1:1
  |
1 | / from __future__ import annotations
2 | | from world_series.core.contracts import ModuleRequest, ModuleResult, RunStatus
3 | | from world_series.core.registry import Capability, CapabilityState, get_registry
4 | | from world_series.wfim.algebra import basis, multiply
  | |_____________________________________________________^
5 |
6 |   def algebra_multiply(request: ModuleRequest) -> ModuleResult:
  |
help: Organize imports
  |
1 | from __future__ import annotations
2 +
3 | from world_series.core.contracts import ModuleRequest, ModuleResult, RunStatus
4 | from world_series.core.registry import Capability, CapabilityState, get_registry
5 | from world_series.wfim.algebra import basis, multiply
6 |
7 +
8 | def algebra_multiply(request: ModuleRequest) -> ModuleResult:
  |

I001 [*] Import block is un-sorted or un-formatted
 --> src/world_series/wfim/algebra.py:1:1
  |
1 | / from __future__ import annotations
2 | | from dataclasses import dataclass
3 | | import math
4 | | from typing import Dict, Tuple
5 | | from world_series.core.contracts import ErrorCode, WorldSeriesError
  | |___________________________________________________________________^
6 |
7 |   Word = Tuple[int, ...]
  |
help: Organize imports
  |
1 | from __future__ import annotations
2 +
3 + import math
4 | from dataclasses import dataclass
  - import math
5 | from typing import Dict, Tuple
6 +
7 | from world_series.core.contracts import ErrorCode, WorldSeriesError
  |

UP035 `typing.Dict` is deprecated, use `dict` instead
 --> src/world_series/wfim/algebra.py:4:1
  |
2 | from dataclasses import dataclass
3 | import math
4 | from typing import Dict, Tuple
  | ^^^^^^^^^^^^^^^^^^^^^^^^^^^^^^
5 | from world_series.core.contracts import ErrorCode, WorldSeriesError
  |

UP035 `typing.Tuple` is deprecated, use `tuple` instead
 --> src/world_series/wfim/algebra.py:4:1
  |
2 | from dataclasses import dataclass
3 | import math
4 | from typing import Dict, Tuple
  | ^^^^^^^^^^^^^^^^^^^^^^^^^^^^^^
5 | from world_series.core.contracts import ErrorCode, WorldSeriesError
  |

UP006 [*] Use `tuple` instead of `Tuple` for type annotation
 --> src/world_series/wfim/algebra.py:7:8
  |
5 | from world_series.core.contracts import ErrorCode, WorldSeriesError
6 |
7 | Word = Tuple[int, ...]
  |        ^^^^^
8 |
9 | @dataclass
  |
help: Replace with `tuple`
  |
6 |
  - Word = Tuple[int, ...]
7 + Word = tuple[int, ...]
8 |
  |

UP006 [*] Use `dict` instead of `Dict` for type annotation
  --> src/world_series/wfim/algebra.py:11:13
   |
 9 | @dataclass
10 | class SparseWordSeries:
11 |     coeffs: Dict[Word, float]
   |             ^^^^
12 |     r: float = 1.0
   |
help: Replace with `dict`
   |
10 | class SparseWordSeries:
   -     coeffs: Dict[Word, float]
11 +     coeffs: dict[Word, float]
12 |     r: float = 1.0
   |

UP037 [*] Remove quotes from type annotation
  --> src/world_series/wfim/algebra.py:18:23
   |
16 |             raise ValueError("Weighted word norm requires finite r > 0")
17 |
18 |     def copy(self) -> "SparseWordSeries":
   |                       ^^^^^^^^^^^^^^^^^^
19 |         return SparseWordSeries(dict(self.coeffs), r=self.r)
   |
help: Remove quotes
   |
17 |
   -     def copy(self) -> "SparseWordSeries":
18 +     def copy(self) -> SparseWordSeries:
19 |         return SparseWordSeries(dict(self.coeffs), r=self.r)
   |

UP006 [*] Use `dict` instead of `Dict` for type annotation
  --> src/world_series/wfim/algebra.py:35:10
   |
34 | def multiply(x: SparseWordSeries, y: SparseWordSeries) -> SparseWordSeries:
35 |     out: Dict[Word, float] = {}
   |          ^^^^
36 |     for u, a in x.coeffs.items():
37 |         for v, b in y.coeffs.items():
   |
help: Replace with `dict`
   |
34 | def multiply(x: SparseWordSeries, y: SparseWordSeries) -> SparseWordSeries:
   -     out: Dict[Word, float] = {}
35 +     out: dict[Word, float] = {}
36 |     for u, a in x.coeffs.items():
   |

UP006 [*] Use `dict` instead of `Dict` for type annotation
  --> src/world_series/wfim/algebra.py:47:10
   |
45 | def truncated_multiply(x: SparseWordSeries, y: SparseWordSeries, n: int) -> SparseWordSeries:
46 |     """Degree-truncated product without materializing discarded high-degree terms."""
47 |     out: Dict[Word, float] = {}
   |          ^^^^
48 |     for u, a in x.coeffs.items():
49 |         lu = len(u)
   |
help: Replace with `dict`
   |
46 |     """Degree-truncated product without materializing discarded high-degree terms."""
   -     out: Dict[Word, float] = {}
47 +     out: dict[Word, float] = {}
48 |     for u, a in x.coeffs.items():
   |

I001 [*] Import block is un-sorted or un-formatted
 --> src/world_series/wfim/coordinates.py:2:1
  |
1 |   """Bounded per-word coordinates on a fixed degree-truncated word algebra."""
2 | / from itertools import product
3 | | import math
4 | | import torch
5 | | from torch import nn
  | |____________________^
help: Organize imports
  |
1 | """Bounded per-word coordinates on a fixed degree-truncated word algebra."""
2 + import math
3 | from itertools import product
  - import math
4 +
5 | import torch
  |

I001 [*] Import block is un-sorted or un-formatted
  --> src/world_series/wfim/evaluate.py:1:1
   |
 1 | / from __future__ import annotations
 2 | | from typing import Any
 3 | | from world_series.core.budgets import Budget, BudgetLedger
 4 | | from world_series.core.contracts import RunStatus
 5 | | from world_series.evaluation.runner import RunDirectory
 6 | | from world_series.wfim.algebra import (
 7 | |     basis, multiply, unit, project_degree, truncated_multiply, assert_associativity_truncated,
 8 | |     topk_prune, word_norm, add, SparseWordSeries,
 9 | | )
10 | | from world_series.wfim.transport import transported_multiply, diagonal_transport
   | |________________________________________________________________________________^
11 |
12 |   def series_bytes(x: SparseWordSeries) -> int:
   |
help: Organize imports
   |
1  | from __future__ import annotations
2  +
3  | from typing import Any
4  +
5  | from world_series.core.budgets import Budget, BudgetLedger
6  | from world_series.core.contracts import RunStatus
7  | from world_series.evaluation.runner import RunDirectory
8  | from world_series.wfim.algebra import (
   -     basis, multiply, unit, project_degree, truncated_multiply, assert_associativity_truncated,
   -     topk_prune, word_norm, add, SparseWordSeries,
9  +     SparseWordSeries,
10 +     add,
11 +     assert_associativity_truncated,
12 +     basis,
13 +     multiply,
14 +     project_degree,
15 +     topk_prune,
16 +     truncated_multiply,
17 +     unit,
18 +     word_norm,
19 | )
   - from world_series.wfim.transport import transported_multiply, diagonal_transport
20 + from world_series.wfim.transport import diagonal_transport, transported_multiply
21 +
22 |
   |

F401 [*] `world_series.wfim.transport.diagonal_transport` imported but unused
  --> src/world_series/wfim/evaluate.py:10:63
   |
 8 |     topk_prune, word_norm, add, SparseWordSeries,
 9 | )
10 | from world_series.wfim.transport import transported_multiply, diagonal_transport
   |                                                               ^^^^^^^^^^^^^^^^^^
11 |
12 | def series_bytes(x: SparseWordSeries) -> int:
   |
help: Remove unused import: `world_series.wfim.transport.diagonal_transport`
   |
9  | )
   - from world_series.wfim.transport import transported_multiply, diagonal_transport
10 + from world_series.wfim.transport import transported_multiply
11 |
   |

F841 Local variable `pruned` is assigned to but never used
  --> src/world_series/wfim/evaluate.py:32:5
   |
30 |     trunc_ok = truncated_multiply(project_degree(x, 2), project_degree(y, 2), 2).coeffs == project_degree(multiply(x, y), 2).coeffs
31 |     big = add(multiply(a, a), add(multiply(b, b), multiply(multiply(a, b), a)))
32 |     pruned = topk_prune(big, k=1)
   |     ^^^^^^
33 |     # Actual top-1 counterexample: intermediate pruning changes coefficients.
34 |     from world_series.wfim.algebra import SparseWordSeries
   |
help: Remove assignment to unused variable `pruned`

I001 [*] Import block is un-sorted or un-formatted
 --> src/world_series/wfim/learning.py:2:1
  |
1 |   """Matched-output sequence encoders for the bounded coordinate experiment."""
2 | / import torch
3 | | from torch import nn
4 | | from world_series.wfim.coordinates import WordCoordinates
  | |_________________________________________________________^
help: Organize imports
  |
3 | from torch import nn
4 +
5 | from world_series.wfim.coordinates import WordCoordinates
  |

C408 Unnecessary `dict()` call (rewrite as a literal)
  --> src/world_series/wfim/learning.py:60:16
   |
58 |   …     metadata=len(json.dumps({"kind":self.kind,"dimension":self.dimension,"state_shapes":{k:list(v.shape) for k,v in self.state_dic…
59 |   …     vocabulary=self.algebra.storage()["vocabulary_json_bytes"] if hasattr(self,"algebra") else 0
60 |   …     return dict(tensor_bytes=tensors,metadata_bytes=metadata,vocabulary_bytes=vocabulary,
   |  ______________^
61 | | …                 total_payload_bytes=tensors+metadata+vocabulary,representation_bytes=self.dimension*8)
   | |________________________________________________________________________________________________________^
help: Rewrite as a literal

I001 [*] Import block is un-sorted or un-formatted
 --> src/world_series/wfim/transport.py:1:1
  |
1 | / from __future__ import annotations
2 | | from world_series.wfim.algebra import SparseWordSeries, multiply, Word
  | |______________________________________________________________________^
3 |
4 |   def diagonal_transport(x: SparseWordSeries, scales: dict[int, float]) -> SparseWordSeries:
  |
help: Organize imports
  |
1 | from __future__ import annotations
  - from world_series.wfim.algebra import SparseWordSeries, multiply, Word
2 |
3 + from world_series.wfim.algebra import SparseWordSeries, Word, multiply
4 +
5 +
6 | def diagonal_transport(x: SparseWordSeries, scales: dict[int, float]) -> SparseWordSeries:
  |

F401 [*] `world_series.wfim.algebra.Word` imported but unused
 --> src/world_series/wfim/transport.py:2:67
  |
1 | from __future__ import annotations
2 | from world_series.wfim.algebra import SparseWordSeries, multiply, Word
  |                                                                   ^^^^
3 |
4 | def diagonal_transport(x: SparseWordSeries, scales: dict[int, float]) -> SparseWordSeries:
  |
help: Remove unused import: `world_series.wfim.algebra.Word`
  |
1 | from __future__ import annotations
  - from world_series.wfim.algebra import SparseWordSeries, multiply, Word
2 + from world_series.wfim.algebra import SparseWordSeries, multiply
3 |
  |

I001 [*] Import block is un-sorted or un-formatted
  --> src/world_series/wft/constraints.py:6:1
   |
 4 |   independent trainable coefficients; consistency is not enforced by construction.
 5 |   """
 6 | / from dataclasses import dataclass
 7 | | import math
 8 | | import numpy as np
 9 | | import torch
10 | | from torch import nn
   | |____________________^
help: Organize imports
  |
5 | """
6 + import math
7 | from dataclasses import dataclass
  - import math
8 +
9 | import numpy as np
  |

I001 [*] Import block is un-sorted or un-formatted
  --> src/world_series/wft/evaluate.py:1:1
   |
 1 | / from __future__ import annotations
 2 | | from typing import Any
 3 | | import numpy as np
 4 | | from world_series.core.budgets import Budget, BudgetLedger
 5 | | from world_series.core.contracts import RunStatus
 6 | | from world_series.evaluation.runner import RunDirectory
 7 | | from world_series.wft.laplacian import path_graph, laplacian_from_weights, weighted_spectral, encode, decode, is_psd
 8 | | from world_series.wft.operators import learn_operator_ridge, constrained_sym_nonneg, fixed_operator_from_W
   | |__________________________________________________________________________________________________________^
 9 |
10 |   def projector(Phi_cols):
   |
help: Organize imports
   |
1  | from __future__ import annotations
2  +
3  | from typing import Any
4  +
5  | import numpy as np
6  +
7  | from world_series.core.budgets import Budget, BudgetLedger
8  | from world_series.core.contracts import RunStatus
9  | from world_series.evaluation.runner import RunDirectory
   - from world_series.wft.laplacian import path_graph, laplacian_from_weights, weighted_spectral, encode, decode, is_psd
   - from world_series.wft.operators import learn_operator_ridge, constrained_sym_nonneg, fixed_operator_from_W
10 + from world_series.wft.laplacian import (
11 +     decode,
12 +     encode,
13 +     is_psd,
14 +     laplacian_from_weights,
15 +     path_graph,
16 +     weighted_spectral,
17 + )
18 + from world_series.wft.operators import (
19 +     constrained_sym_nonneg,
20 +     fixed_operator_from_W,
21 +     learn_operator_ridge,
22 + )
23 +
24 |
   |

F401 [*] `world_series.wft.operators.fixed_operator_from_W` imported but unused
  --> src/world_series/wft/evaluate.py:8:86
   |
 6 | from world_series.evaluation.runner import RunDirectory
 7 | from world_series.wft.laplacian import path_graph, laplacian_from_weights, weighted_spectral, encode, decode, is_psd
 8 | from world_series.wft.operators import learn_operator_ridge, constrained_sym_nonneg, fixed_operator_from_W
   |                                                                                      ^^^^^^^^^^^^^^^^^^^^^
 9 |
10 | def projector(Phi_cols):
   |
help: Remove unused import: `world_series.wft.operators.fixed_operator_from_W`
  |
7 | from world_series.wft.laplacian import path_graph, laplacian_from_weights, weighted_spectral, encode, decode, is_psd
  - from world_series.wft.operators import learn_operator_ridge, constrained_sym_nonneg, fixed_operator_from_W
8 + from world_series.wft.operators import learn_operator_ridge, constrained_sym_nonneg
9 |
  |

RUF059 Unpacked variable `evals` is never used
  --> src/world_series/wft/evaluate.py:22:5
   |
20 |     L = laplacian_from_weights(W)
21 |     M = np.eye(n)
22 |     evals, Q, Phi = weighted_spectral(L, M)
   |     ^^^^^
23 |     rng = np.random.default_rng(int(cfg["seed"]))
24 |     f = rng.normal(size=n)
   |
help: Prefix it with an underscore or any other dummy variable pattern

RUF059 Unpacked variable `Q` is never used
  --> src/world_series/wft/evaluate.py:22:12
   |
20 |     L = laplacian_from_weights(W)
21 |     M = np.eye(n)
22 |     evals, Q, Phi = weighted_spectral(L, M)
   |            ^
23 |     rng = np.random.default_rng(int(cfg["seed"]))
24 |     f = rng.normal(size=n)
   |
help: Prefix it with an underscore or any other dummy variable pattern

I001 [*] Import block is un-sorted or un-formatted
 --> src/world_series/wpinn/baselines.py:1:1
  |
1 | / from __future__ import annotations
2 | | import numpy as np
3 | | from world_series.wpinn.library import library_matrix
4 | | from world_series.wpinn.sparse_fit import thresholded_lstsq
  | |___________________________________________________________^
5 |
6 |   def data_only_accel_fit(traj):
  |
help: Organize imports
  |
1 | from __future__ import annotations
2 +
3 | import numpy as np
4 +
5 | from world_series.wpinn.library import library_matrix
6 | from world_series.wpinn.sparse_fit import thresholded_lstsq
7 |
8 +
9 | def data_only_accel_fit(traj):
  |

I001 [*] Import block is un-sorted or un-formatted
 --> src/world_series/wpinn/constraints.py:1:1
  |
1 | / from __future__ import annotations
2 | | import numpy as np
3 | | from world_series.wpinn.systems import energy
  | |_____________________________________________^
4 |
5 |   def check_conservation(traj, tol: float = 1e-2) -> dict:
  |
help: Organize imports
  |
1 | from __future__ import annotations
2 +
3 | import numpy as np
4 +
5 | from world_series.wpinn.systems import energy
6 |
7 +
8 | def check_conservation(traj, tol: float = 1e-2) -> dict:
  |

I001 [*] Import block is un-sorted or un-formatted
  --> src/world_series/wpinn/evaluate.py:1:1
   |
 1 | / from __future__ import annotations
 2 | | from typing import Any
 3 | | import numpy as np
 4 | | from world_series.core.budgets import Budget, BudgetLedger
 5 | | from world_series.core.contracts import RunStatus
 6 | | from world_series.evaluation.runner import RunDirectory
 7 | | from world_series.wpinn.systems import make_trajectory, simulate_oscillator
 8 | | from world_series.wpinn.baselines import data_only_accel_fit, known_support_fit
 9 | | from world_series.wpinn.constraints import check_conservation, check_dissipation
10 | | from world_series.wpinn.train import weak_only_fit, fit_with_structure
   | |______________________________________________________________________^
11 |
12 |   def rollout_error(traj, coef: dict) -> float:
   |
help: Organize imports
   |
1  | from __future__ import annotations
2  +
3  | from typing import Any
4  +
5  | import numpy as np
6  +
7  | from world_series.core.budgets import Budget, BudgetLedger
8  | from world_series.core.contracts import RunStatus
9  | from world_series.evaluation.runner import RunDirectory
   - from world_series.wpinn.systems import make_trajectory, simulate_oscillator
10 | from world_series.wpinn.baselines import data_only_accel_fit, known_support_fit
11 | from world_series.wpinn.constraints import check_conservation, check_dissipation
   - from world_series.wpinn.train import weak_only_fit, fit_with_structure
12 + from world_series.wpinn.systems import make_trajectory, simulate_oscillator
13 + from world_series.wpinn.train import fit_with_structure, weak_only_fit
14 +
15 |
   |

RUF059 Unpacked variable `wrong_sup` is never used
  --> src/world_series/wpinn/evaluate.py:41:26
   |
39 |     known = known_support_fit(damped)
40 |     # wrong conservation on damped — labeled failure ablation
41 |     wrong_coef, wrong_r, wrong_sup = fit_with_structure(damped, enforce_conservation=True)
   |                          ^^^^^^^^^
42 |     cons_u = check_conservation(undamped)
43 |     cons_d = check_conservation(damped)
   |
help: Prefix it with an underscore or any other dummy variable pattern

I001 [*] Import block is un-sorted or un-formatted
 --> src/world_series/wpinn/library.py:1:1
  |
1 | / from __future__ import annotations
2 | | import numpy as np
  | |__________________^
3 |
4 |   TERM_NAMES = ["q", "v", "q2", "qv", "v2"]
  |
help: Organize imports
  |
1 | from __future__ import annotations
2 +
3 | import numpy as np
  |

I001 [*] Import block is un-sorted or un-formatted
 --> src/world_series/wpinn/sparse_fit.py:1:1
  |
1 | / from __future__ import annotations
2 | | import numpy as np
  | |__________________^
3 |
4 |   def thresholded_lstsq(A: np.ndarray, b: np.ndarray, thresh: float = 0.1, iters: int = 5):
  |
help: Organize imports
  |
1 | from __future__ import annotations
2 +
3 | import numpy as np
4 |
5 +
6 | def thresholded_lstsq(A: np.ndarray, b: np.ndarray, thresh: float = 0.1, iters: int = 5):
  |

I001 [*] Import block is un-sorted or un-formatted
 --> src/world_series/wpinn/train.py:1:1
  |
1 | / from __future__ import annotations
2 | | import numpy as np
3 | | from world_series.wpinn.library import library_matrix
4 | | from world_series.wpinn.weak_form import test_functions, assemble_weak_system, weak_residual
5 | | from world_series.wpinn.sparse_fit import thresholded_lstsq
  | |___________________________________________________________^
6 |
7 |   def weak_only_fit(traj, thresh: float = 0.05):
  |
help: Organize imports
  |
1 | from __future__ import annotations
2 +
3 | import numpy as np
4 +
5 | from world_series.wpinn.library import library_matrix
  - from world_series.wpinn.weak_form import test_functions, assemble_weak_system, weak_residual
6 | from world_series.wpinn.sparse_fit import thresholded_lstsq
7 + from world_series.wpinn.weak_form import assemble_weak_system, test_functions, weak_residual
8 +
9 |
  |

I001 [*] Import block is un-sorted or un-formatted
 --> tests/core/test_contracts.py:2:1
  |
2 | / import pytest
3 | | from world_series.core.contracts import Budget, TaskSpec, WorldSeriesError, ErrorCode
4 | | from world_series.core.artifacts import ArtifactStore, safe_resolve
5 | | from world_series.core.config import validate_config, load_and_validate
6 | | from pathlib import Path
  | |________________________^
7 |
8 |   def test_budget_rejects_negative():
  |
help: Organize imports
   |
1  |
2  + from pathlib import Path
3  +
4  | import pytest
   - from world_series.core.contracts import Budget, TaskSpec, WorldSeriesError, ErrorCode
5  +
6  | from world_series.core.artifacts import ArtifactStore, safe_resolve
   - from world_series.core.config import validate_config, load_and_validate
   - from pathlib import Path
7  + from world_series.core.config import load_and_validate, validate_config
8  + from world_series.core.contracts import Budget, ErrorCode, TaskSpec, WorldSeriesError
9  +
10 |
   |

F401 [*] `world_series.core.config.load_and_validate` imported but unused
 --> tests/core/test_contracts.py:5:55
  |
3 | from world_series.core.contracts import Budget, TaskSpec, WorldSeriesError, ErrorCode
4 | from world_series.core.artifacts import ArtifactStore, safe_resolve
5 | from world_series.core.config import validate_config, load_and_validate
  |                                                       ^^^^^^^^^^^^^^^^^
6 | from pathlib import Path
  |
help: Remove unused import: `world_series.core.config.load_and_validate`
  |
4 | from world_series.core.artifacts import ArtifactStore, safe_resolve
  - from world_series.core.config import validate_config, load_and_validate
5 + from world_series.core.config import validate_config
6 | from pathlib import Path
  |

F401 [*] `pathlib.Path` imported but unused
 --> tests/core/test_contracts.py:6:21
  |
4 | from world_series.core.artifacts import ArtifactStore, safe_resolve
5 | from world_series.core.config import validate_config, load_and_validate
6 | from pathlib import Path
  |                     ^^^^
7 |
8 | def test_budget_rejects_negative():
  |
help: Remove unused import: `pathlib.Path`
  |
5 | from world_series.core.config import validate_config, load_and_validate
  - from pathlib import Path
6 |
  |

F841 Local variable `store` is assigned to but never used
  --> tests/core/test_contracts.py:17:5
   |
16 | def test_path_traversal(tmp_path):
17 |     store = ArtifactStore(tmp_path, "run")
   |     ^^^^^
18 |     with pytest.raises(WorldSeriesError) as ei:
19 |         safe_resolve(tmp_path, "../etc/passwd")
   |
help: Remove assignment to unused variable `store`

I001 [*] Import block is un-sorted or un-formatted
 --> tests/core/test_development.py:1:1
  |
1 | / import itertools
2 | | import numpy as np
3 | | import pytest
4 | | from world_series.core.budgets import Budget, BudgetLedger
5 | | from world_series.qwipii.domains import RingState
6 | | from world_series.qwipii.search import bfs, quotient_bfs, replay
7 | | from world_series.evaluation.development import ContextMemory, full_rollout_error, aggregate
  | |____________________________________________________________________________________________^
help: Organize imports
   |
1  | import itertools
2  +
3  | import numpy as np
4  | import pytest
5  +
6  | from world_series.core.budgets import Budget, BudgetLedger
7  + from world_series.evaluation.development import ContextMemory, aggregate, full_rollout_error
8  | from world_series.qwipii.domains import RingState
9  | from world_series.qwipii.search import bfs, quotient_bfs, replay
   - from world_series.evaluation.development import ContextMemory, full_rollout_error, aggregate
10 |
   |

F401 [*] `pytest` imported but unused
 --> tests/core/test_development.py:3:8
  |
1 | import itertools
2 | import numpy as np
3 | import pytest
  |        ^^^^^^
4 | from world_series.core.budgets import Budget, BudgetLedger
5 | from world_series.qwipii.domains import RingState
  |
help: Remove unused import: `pytest`
  |
2 | import numpy as np
  - import pytest
3 | from world_series.core.budgets import Budget, BudgetLedger
  |

I001 [*] Import block is un-sorted or un-formatted
  --> tests/core/test_development.py:25:5
   |
24 |   def test_rankers_do_not_execute_unbudgeted_candidates(monkeypatch):
25 | /     from world_series.wcode import interpreter
26 | |     from world_series.wcode.encoder import score_candidate
27 | |     from world_series.wcode.dsl import Var
   | |__________________________________________^
28 |       def forbidden(*args,**kwargs): raise AssertionError('unbudgeted execution')
29 |       monkeypatch.setattr(interpreter,'interpret',forbidden)
   |
help: Organize imports
   |
25 |     from world_series.wcode import interpreter
26 +     from world_series.wcode.dsl import Var
27 |     from world_series.wcode.encoder import score_candidate
   -     from world_series.wcode.dsl import Var
28 |     def forbidden(*args,**kwargs): raise AssertionError('unbudgeted execution')
   |

I001 [*] Import block is un-sorted or un-formatted
  --> tests/core/test_development.py:59:5
   |
58 |   def test_real_topk_counterexample(tmp_path):
59 | /     from world_series.wfim.evaluate import run_experiment
60 | |     from world_series.evaluation.runner import create_run
   | |_________________________________________________________^
61 |       cfg={'project':'wfim','experiment':'test','split':'dev','device':'cpu','seed':1,'budget':{}}
62 |       result=run_experiment(cfg,create_run(tmp_path,cfg))
   |
help: Organize imports
   |
58 | def test_real_topk_counterexample(tmp_path):
59 +     from world_series.evaluation.runner import create_run
60 |     from world_series.wfim.evaluate import run_experiment
   -     from world_series.evaluation.runner import create_run
61 |     cfg={'project':'wfim','experiment':'test','split':'dev','device':'cpu','seed':1,'budget':{}}
   |

I001 [*] Import block is un-sorted or un-formatted
 --> tests/core/test_falsify.py:1:1
  |
1 | from world_series.evaluation.falsify import run_all_controls, ultron_wrong_tool_fails
  | ^^^^^^^^^^^^^^^^^^^^^^^^^^^^^^^^^^^^^^^^^^^^^^^^^^^^^^^^^^^^^^^^^^^^^^^^^^^^^^^^^^^^^
2 |
3 | def test_falsify_suite_runs():
  |
help: Organize imports
  |
2 |
3 +
4 | def test_falsify_suite_runs():
  |

I001 [*] Import block is un-sorted or un-formatted
 --> tests/core/test_runner.py:2:1
  |
2 | / from pathlib import Path
3 | | from world_series.evaluation.runner import create_run
4 | | from world_series.core.contracts import RunStatus
  | |_________________________________________________^
5 |
6 |   def test_run_not_overwrite(tmp_path):
  |
help: Organize imports
  |
2 | from pathlib import Path
3 +
4 + from world_series.core.contracts import RunStatus
5 | from world_series.evaluation.runner import create_run
  - from world_series.core.contracts import RunStatus
6 |
7 +
8 | def test_run_not_overwrite(tmp_path):
  |

F401 [*] `pathlib.Path` imported but unused
 --> tests/core/test_runner.py:2:21
  |
2 | from pathlib import Path
  |                     ^^^^
3 | from world_series.evaluation.runner import create_run
4 | from world_series.core.contracts import RunStatus
  |
help: Remove unused import: `pathlib.Path`
  |
1 |
  - from pathlib import Path
2 | from world_series.evaluation.runner import create_run
  |

I001 [*] Import block is un-sorted or un-formatted
 --> tests/core/test_seeds_devices.py:2:1
  |
2 | / from world_series.core.seeds import SeedBundle, SeededStreams
3 | | from world_series.core.devices import select_device, probe_devices
  | |__________________________________________________________________^
4 |
5 |   def test_seed_streams_independent():
  |
help: Organize imports
  |
1 |
2 + from world_series.core.devices import probe_devices, select_device
3 | from world_series.core.seeds import SeedBundle, SeededStreams
  - from world_series.core.devices import select_device, probe_devices
4 |
5 +
6 | def test_seed_streams_independent():
  |

I001 [*] Import block is un-sorted or un-formatted
 --> tests/cwlnn/test_conditional.py:1:1
  |
1 | / import pytest
2 | | import torch
3 | |
4 | | from world_series.cwlnn.conditional import (
5 | |     ConditionalWorld, SparseWorld, batch_graphs, coarse_edges, mean_aggregate,
6 | |     permute, pool, select,
7 | | )
  | |_^
help: Organize imports
   |
4  | from world_series.cwlnn.conditional import (
   -     ConditionalWorld, SparseWorld, batch_graphs, coarse_edges, mean_aggregate,
   -     permute, pool, select,
5  +     ConditionalWorld,
6  +     SparseWorld,
7  +     batch_graphs,
8  +     coarse_edges,
9  +     mean_aggregate,
10 +     permute,
11 +     pool,
12 +     select,
13 | )
   |

I001 [*] Import block is un-sorted or un-formatted
 --> tests/cwlnn/test_cwlnn.py:2:1
  |
2 | / from world_series.cwlnn.graphs import GraphLevel, path_edges
3 | | from world_series.cwlnn.local import sparse_mean_aggregate, dense_mean_aggregate
4 | | import numpy as np
  | |__________________^
5 |   def test_sparse_dense():
6 |       n=6
  |
help: Organize imports
  |
1 |
2 + import numpy as np
3 +
4 | from world_series.cwlnn.graphs import GraphLevel, path_edges
  - from world_series.cwlnn.local import sparse_mean_aggregate, dense_mean_aggregate
  - import numpy as np
5 + from world_series.cwlnn.local import dense_mean_aggregate, sparse_mean_aggregate
6 +
7 +
8 | def test_sparse_dense():
  |

F401 [*] `world_series.cwlnn.graphs.GraphLevel` imported but unused
 --> tests/cwlnn/test_cwlnn.py:2:39
  |
2 | from world_series.cwlnn.graphs import GraphLevel, path_edges
  |                                       ^^^^^^^^^^
3 | from world_series.cwlnn.local import sparse_mean_aggregate, dense_mean_aggregate
4 | import numpy as np
  |
help: Remove unused import: `world_series.cwlnn.graphs.GraphLevel`
  |
1 |
  - from world_series.cwlnn.graphs import GraphLevel, path_edges
2 + from world_series.cwlnn.graphs import path_edges
3 | from world_series.cwlnn.local import sparse_mean_aggregate, dense_mean_aggregate
  |

I001 [*] Import block is un-sorted or un-formatted
 --> tests/cwlnn/test_cwlnn_attention.py:2:1
  |
2 | / import numpy as np
3 | | from world_series.cwlnn.baselines import tiny_attention
  | |_______________________________________________________^
4 |   def test_attention_budgeted():
5 |       f = np.ones((10,3))
  |
help: Organize imports
  |
2 | import numpy as np
3 +
4 | from world_series.cwlnn.baselines import tiny_attention
5 +
6 +
7 | def test_attention_budgeted():
  |

I001 [*] Import block is un-sorted or un-formatted
 --> tests/qapen/test_causal.py:1:1
  |
1 | / import copy
2 | | import pickle
3 | | import numpy as np
4 | | import pytest
5 | | import torch
6 | | from world_series.qapen.causal import CausalLifecycle,FrozenQuantizer
  | |_____________________________________________________________________^
help: Organize imports
   |
2  | import pickle
3  +
4  | import numpy as np
5  | import pytest
6  | import torch
   - from world_series.qapen.causal import CausalLifecycle,FrozenQuantizer
7  |
8  + from world_series.qapen.causal import CausalLifecycle, FrozenQuantizer
9  +
10 |
   |

RUF015 Prefer `next(iter(opt.param_groups[0]['params']))` over single element slice
  --> tests/qapen/test_causal.py:40:16
   |
38 |         for a,b in zip(m.models[identity].parameters(),restored.models[identity].parameters()):assert torch.equal(a,b)
39 |         opt=restored.optimizers[identity]
40 |         assert list(opt.param_groups[0]['params'])[0] is next(restored.models[identity].parameters())
   |                ^^^^^^^^^^^^^^^^^^^^^^^^^^^^^^^^^^^^^^
41 |     assert spare in restored.models
   |
help: Replace with `next(iter(opt.param_groups[0]['params']))`

I001 [*] Import block is un-sorted or un-formatted
 --> tests/qapen/test_qapen.py:2:1
  |
2 | / from world_series.qapen.mixture import mixture_moments
3 | | from world_series.qapen.experts import ExpertBank, ExpertState
4 | | from world_series.core.contracts import WorldSeriesError
5 | | import numpy as np, pytest
  | |__________________________^
6 |   def test_mixture_and_capacity():
7 |       w,m,v = mixture_moments(np.array([0.3,0.7]), np.array([0.,2.]), np.array([1.,0.5]))
  |
help: Organize imports
   |
1  |
2  + import numpy as np
3  + import pytest
4  +
5  + from world_series.core.contracts import WorldSeriesError
6  + from world_series.qapen.experts import ExpertBank, ExpertState
7  | from world_series.qapen.mixture import mixture_moments
   - from world_series.qapen.experts import ExpertBank, ExpertState
   - from world_series.core.contracts import WorldSeriesError
   - import numpy as np, pytest
8  +
9  +
10 | def test_mixture_and_capacity():
   |

F401 [*] `world_series.qapen.experts.ExpertState` imported but unused
 --> tests/qapen/test_qapen.py:3:52
  |
2 | from world_series.qapen.mixture import mixture_moments
3 | from world_series.qapen.experts import ExpertBank, ExpertState
  |                                                    ^^^^^^^^^^^
4 | from world_series.core.contracts import WorldSeriesError
5 | import numpy as np, pytest
  |
help: Remove unused import: `world_series.qapen.experts.ExpertState`
  |
2 | from world_series.qapen.mixture import mixture_moments
  - from world_series.qapen.experts import ExpertBank, ExpertState
3 + from world_series.qapen.experts import ExpertBank
4 | from world_series.core.contracts import WorldSeriesError
  |

RUF059 Unpacked variable `w` is never used
 --> tests/qapen/test_qapen.py:7:5
  |
5 | import numpy as np, pytest
6 | def test_mixture_and_capacity():
7 |     w,m,v = mixture_moments(np.array([0.3,0.7]), np.array([0.,2.]), np.array([1.,0.5]))
  |     ^
8 |     assert abs(m-1.4)<1e-9
9 |     bank = ExpertBank(max_experts=1)
  |
help: Prefix it with an underscore or any other dummy variable pattern

RUF059 Unpacked variable `v` is never used
 --> tests/qapen/test_qapen.py:7:9
  |
5 | import numpy as np, pytest
6 | def test_mixture_and_capacity():
7 |     w,m,v = mixture_moments(np.array([0.3,0.7]), np.array([0.,2.]), np.array([1.,0.5]))
  |         ^
8 |     assert abs(m-1.4)<1e-9
9 |     bank = ExpertBank(max_experts=1)
  |
help: Prefix it with an underscore or any other dummy variable pattern

I001 [*] Import block is un-sorted or un-formatted
 --> tests/qapen/test_qapen_baselines.py:2:1
  |
2 | from world_series.qapen.baselines import FixedEnsemble, nll
  | ^^^^^^^^^^^^^^^^^^^^^^^^^^^^^^^^^^^^^^^^^^^^^^^^^^^^^^^^^^^
3 | def test_fixed_ensemble_nll():
4 |     m,v = FixedEnsemble().predict()
  |
help: Organize imports
  |
2 | from world_series.qapen.baselines import FixedEnsemble, nll
3 +
4 +
5 | def test_fixed_ensemble_nll():
  |

I001 [*] Import block is un-sorted or un-formatted
  --> tests/qlearn/test_evaluation_integrity.py:1:1
   |
 1 | / from types import SimpleNamespace
 2 | |
 3 | | import numpy as np
 4 | | import pytest
 5 | | import torch
 6 | |
 7 | | from world_series import projects
 8 | | from world_series.qlearn.baselines import adamw_trajectory
 9 | | from world_series.qlearn.tasks import build_tasks
10 | | from world_series.core.artifacts import ArtifactStore
11 | | from world_series.core.contracts import WorldSeriesError
12 | | from world_series.qlearn.evaluate import run_experiment
   | |_______________________________________________________^
help: Organize imports
   |
7  | from world_series import projects
   - from world_series.qlearn.baselines import adamw_trajectory
   - from world_series.qlearn.tasks import build_tasks
8  | from world_series.core.artifacts import ArtifactStore
9  | from world_series.core.contracts import WorldSeriesError
10 + from world_series.qlearn.baselines import adamw_trajectory
11 | from world_series.qlearn.evaluate import run_experiment
12 + from world_series.qlearn.tasks import build_tasks
13 |
   |

I001 [*] Import block is un-sorted or un-formatted
 --> tests/qlearn/test_malis.py:1:1
  |
1 | / import copy
2 | | import torch
3 | | from world_series.qlearn.malis import DiscreteEngine
4 | | from world_series.qlearn.regression import regression_task
  | |__________________________________________________________^
5 |
6 |   def test_rollback_restores_all_optimizer_states_and_next_update():
  |
help: Organize imports
  |
1 | import copy
2 +
3 | import torch
4 +
5 | from world_series.qlearn.malis import DiscreteEngine
6 | from world_series.qlearn.regression import regression_task
7 |
8 +
9 | def test_rollback_restores_all_optimizer_states_and_next_update():
  |

I001 [*] Import block is un-sorted or un-formatted
 --> tests/qlearn/test_natural_study.py:1:1
  |
1 | / from pathlib import Path
2 | | import torch
3 | | from world_series.qlearn.natural_study import natural_tasks, run_experiment
4 | | from world_series.qlearn.regression import RecurrentUpdatePolicy
5 | | from world_series.evaluation.runner import create_run
  | |_____________________________________________________^
6 |
7 |   DATA = Path(__file__).resolve().parents[2] / 'data/optdigits'
  |
help: Organize imports
  |
1 | from pathlib import Path
2 +
3 | import torch
4 +
5 + from world_series.evaluation.runner import create_run
6 | from world_series.qlearn.natural_study import natural_tasks, run_experiment
7 | from world_series.qlearn.regression import RecurrentUpdatePolicy
  - from world_series.evaluation.runner import create_run
8 |
  |

C408 Unnecessary `dict()` call (rewrite as a literal)
  --> tests/qlearn/test_natural_study.py:35:11
   |
33 |   def test_natural_matrix_preserves_every_comparator(tmp_path):
34 |       torch.set_num_threads(1)
35 |       cfg = dict(project='qlearn', experiment='test-natural', split='dev', seed=11, device='cpu',
   |  ___________^
36 | |                budget=dict(max_steps=1000, max_candidate_evals=20, max_wall_seconds=60),
37 | |                params=dict(data_root=str(DATA), width=3, hidden=3, examples=8,
38 | |                            rates=[.01], outer_rates=[.001], train_steps=2, meta_steps=1, horizons=[2]))
   | |_______________________________________________________________________________________________________^
39 |       result = run_experiment(cfg, create_run(tmp_path, cfg))
40 |       assert result['status'] == 'SUCCEEDED'
   |
help: Rewrite as a literal

C408 Unnecessary `dict()` call (rewrite as a literal)
  --> tests/qlearn/test_natural_study.py:36:23
   |
34 |     torch.set_num_threads(1)
35 |     cfg = dict(project='qlearn', experiment='test-natural', split='dev', seed=11, device='cpu',
36 |                budget=dict(max_steps=1000, max_candidate_evals=20, max_wall_seconds=60),
   |                       ^^^^^^^^^^^^^^^^^^^^^^^^^^^^^^^^^^^^^^^^^^^^^^^^^^^^^^^^^^^^^^^^^
37 |                params=dict(data_root=str(DATA), width=3, hidden=3, examples=8,
38 |                            rates=[.01], outer_rates=[.001], train_steps=2, meta_steps=1, horizons=[2]))
   |
help: Rewrite as a literal

C408 Unnecessary `dict()` call (rewrite as a literal)
  --> tests/qlearn/test_natural_study.py:37:23
   |
35 |       cfg = dict(project='qlearn', experiment='test-natural', split='dev', seed=11, device='cpu',
36 |                  budget=dict(max_steps=1000, max_candidate_evals=20, max_wall_seconds=60),
37 |                  params=dict(data_root=str(DATA), width=3, hidden=3, examples=8,
   |  _______________________^
38 | |                            rates=[.01], outer_rates=[.001], train_steps=2, meta_steps=1, horizons=[2]))
   | |______________________________________________________________________________________________________^
39 |       result = run_experiment(cfg, create_run(tmp_path, cfg))
40 |       assert result['status'] == 'SUCCEEDED'
   |
help: Rewrite as a literal

I001 [*] Import block is un-sorted or un-formatted
 --> tests/qlearn/test_qlearn_baselines.py:2:1
  |
2 | / from world_series.qlearn.tasks import build_tasks
3 | | from world_series.qlearn.baselines import tune_fixed, adamw_trajectory, auc_normalized
  | |______________________________________________________________________________________^
4 |
5 |   def test_adamw_and_tune():
  |
help: Organize imports
  |
1 |
2 + from world_series.qlearn.baselines import adamw_trajectory, auc_normalized, tune_fixed
3 | from world_series.qlearn.tasks import build_tasks
  - from world_series.qlearn.baselines import tune_fixed, adamw_trajectory, auc_normalized
4 |
5 +
6 | def test_adamw_and_tune():
  |

I001 [*] Import block is un-sorted or un-formatted
  --> tests/qlearn/test_regression.py:1:1
   |
 1 | / from dataclasses import replace
 2 | |
 3 | | import numpy as np
 4 | | import pytest
 5 | | import torch
 6 | |
 7 | | from world_series.core.budgets import Budget, BudgetLedger
 8 | | from world_series.core.contracts import WorldSeriesError
 9 | | from world_series.qlearn.regression import (
10 | |     MetaTrainer, RecurrentUpdatePolicy, adapt, fixed_adapt,
11 | |     regression_task, trajectory_record,
12 | | )
   | |_^
help: Organize imports
   |
9  | from world_series.qlearn.regression import (
   -     MetaTrainer, RecurrentUpdatePolicy, adapt, fixed_adapt,
   -     regression_task, trajectory_record,
10 +     MetaTrainer,
11 +     RecurrentUpdatePolicy,
12 +     adapt,
13 +     fixed_adapt,
14 +     regression_task,
15 +     trajectory_record,
16 | )
   |

I001 [*] Import block is un-sorted or un-formatted
 --> tests/qwipii/test_certified_search.py:1:1
  |
1 | / from copy import deepcopy
2 | | import pytest
3 | | from world_series.core.budgets import Budget, BudgetLedger
4 | | from world_series.qwipii.verifier import complete_domain, verify_automorphism
5 | | from world_series.qwipii.group_actions import dihedral_actions
6 | | from world_series.qwipii.search import bfs, certified_quotient_bfs, replay
  | |__________________________________________________________________________^
help: Organize imports
  |
1 | from copy import deepcopy
2 +
3 | import pytest
4 +
5 | from world_series.core.budgets import Budget, BudgetLedger
  - from world_series.qwipii.verifier import complete_domain, verify_automorphism
6 | from world_series.qwipii.group_actions import dihedral_actions
7 | from world_series.qwipii.search import bfs, certified_quotient_bfs, replay
8 + from world_series.qwipii.verifier import complete_domain, verify_automorphism
9 |
  |

I001 [*] Import block is un-sorted or un-formatted
 --> tests/qwipii/test_exact_domain.py:1:1
  |
1 | / import pytest
2 | | from world_series.qwipii.domains import RingState
3 | | from world_series.qwipii.verifier import complete_domain, verify_automorphism
4 | | from world_series.qwipii.group_actions import rotate_tokens
  | |___________________________________________________________^
help: Organize imports
  |
1 | import pytest
2 +
3 | from world_series.qwipii.domains import RingState
  - from world_series.qwipii.verifier import complete_domain, verify_automorphism
4 | from world_series.qwipii.group_actions import rotate_tokens
5 + from world_series.qwipii.verifier import complete_domain, verify_automorphism
6 |
  |

F401 [*] `world_series.qwipii.domains.RingState` imported but unused
 --> tests/qwipii/test_exact_domain.py:2:41
  |
1 | import pytest
2 | from world_series.qwipii.domains import RingState
  |                                         ^^^^^^^^^
3 | from world_series.qwipii.verifier import complete_domain, verify_automorphism
4 | from world_series.qwipii.group_actions import rotate_tokens
  |
help: Remove unused import: `world_series.qwipii.domains.RingState`
  |
1 | import pytest
  - from world_series.qwipii.domains import RingState
2 | from world_series.qwipii.verifier import complete_domain, verify_automorphism
  |

I001 [*] Import block is un-sorted or un-formatted
 --> tests/qwipii/test_learned_discovery.py:1:1
  |
1 | / import numpy as np
2 | | from world_series.qwipii.discovery import propose_grammar
3 | | from world_series.qwipii.verifier import complete_domain, verify_automorphism
4 | | from world_series.qwipii.learned_discovery import (
5 | |     ProposalRanker, proposal_features, certificate_utility, ranked_certificates)
  | |________________________________________________________________________________^
help: Organize imports
   |
1  | import numpy as np
2  +
3  | from world_series.qwipii.discovery import propose_grammar
   - from world_series.qwipii.verifier import complete_domain, verify_automorphism
4  | from world_series.qwipii.learned_discovery import (
   -     ProposalRanker, proposal_features, certificate_utility, ranked_certificates)
5  +     ProposalRanker,
6  +     certificate_utility,
7  +     proposal_features,
8  +     ranked_certificates,
9  + )
10 + from world_series.qwipii.verifier import complete_domain, verify_automorphism
11 |
   |

I001 [*] Import block is un-sorted or un-formatted
  --> tests/qwipii/test_qwipii.py:2:1
   |
 2 | / from fractions import Fraction
 3 | | from world_series.qwipii.projective import mobius, cross_ratio
 4 | | from world_series.qwipii.domains import RingState
 5 | | from world_series.qwipii.search import bfs, quotient_bfs, replay
 6 | | from world_series.core.budgets import Budget, BudgetLedger
 7 | | from world_series.core.contracts import WorldSeriesError
 8 | | import pytest
   | |_____________^
 9 |
10 |   def test_cross_ratio_and_pole():
   |
help: Organize imports
   |
2  | from fractions import Fraction
   - from world_series.qwipii.projective import mobius, cross_ratio
   - from world_series.qwipii.domains import RingState
   - from world_series.qwipii.search import bfs, quotient_bfs, replay
3  +
4  + import pytest
5  +
6  | from world_series.core.budgets import Budget, BudgetLedger
7  | from world_series.core.contracts import WorldSeriesError
   - import pytest
8  + from world_series.qwipii.domains import RingState
9  + from world_series.qwipii.projective import cross_ratio, mobius
10 + from world_series.qwipii.search import bfs, quotient_bfs, replay
11 +
12 |
   |

F401 [*] `world_series.qwipii.search.quotient_bfs` imported but unused
 --> tests/qwipii/test_qwipii.py:5:45
  |
3 | from world_series.qwipii.projective import mobius, cross_ratio
4 | from world_series.qwipii.domains import RingState
5 | from world_series.qwipii.search import bfs, quotient_bfs, replay
  |                                             ^^^^^^^^^^^^
6 | from world_series.core.budgets import Budget, BudgetLedger
7 | from world_series.core.contracts import WorldSeriesError
  |
help: Remove unused import: `world_series.qwipii.search.quotient_bfs`
  |
4 | from world_series.qwipii.domains import RingState
  - from world_series.qwipii.search import bfs, quotient_bfs, replay
5 + from world_series.qwipii.search import bfs, replay
6 | from world_series.core.budgets import Budget, BudgetLedger
  |

I001 [*] Import block is un-sorted or un-formatted
 --> tests/qwipii/test_qwipii_discovery.py:2:1
  |
2 | / from world_series.qwipii.domains import RingState
3 | | from world_series.qwipii.discovery import discover_and_verify
  | |_____________________________________________________________^
4 |
5 |   def test_adversarial_rejected():
  |
help: Organize imports
  |
1 |
2 + from world_series.qwipii.discovery import discover_and_verify
3 | from world_series.qwipii.domains import RingState
  - from world_series.qwipii.discovery import discover_and_verify
4 |
5 +
6 | def test_adversarial_rejected():
  |

I001 [*] Import block is un-sorted or un-formatted
 --> tests/test_delivery.py:1:1
  |
1 | / import hashlib
2 | | import importlib.util
3 | | import io
4 | | import json
5 | | from pathlib import Path
6 | | import subprocess
7 | | import tarfile
8 | |
9 | | import pytest
  | |_____________^
help: Organize imports
  |
4 | import json
  - from pathlib import Path
5 | import subprocess
6 | import tarfile
7 + from pathlib import Path
8 |
  |

I001 [*] Import block is un-sorted or un-formatted
 --> tests/test_source_paths.py:1:1
  |
1 | / import importlib.util
2 | | from pathlib import Path
3 | |
4 | | import pytest
  | |_____________^
help: Organize imports
  |
5 |
  -
6 | spec = importlib.util.spec_from_file_location(
  |

I001 [*] Import block is un-sorted or un-formatted
 --> tests/ultron/test_ultron.py:2:1
  |
2 | / from world_series.ultron.evidence import EvidenceDAG
3 | | from world_series.core.contracts import WorldSeriesError
4 | | import pytest
  | |_____________^
5 |   def test_evidence_requires_parents():
6 |       dag = EvidenceDAG()
  |
help: Organize imports
  |
1 |
  - from world_series.ultron.evidence import EvidenceDAG
2 + import pytest
3 +
4 | from world_series.core.contracts import WorldSeriesError
  - import pytest
5 + from world_series.ultron.evidence import EvidenceDAG
6 +
7 +
8 | def test_evidence_requires_parents():
  |

I001 [*] Import block is un-sorted or un-formatted
 --> tests/ultron/test_ultron_routing.py:1:1
  |
1 | / from world_series.core.registry import reset_registry_for_tests
2 | | from world_series.ultron.capabilities import bootstrap_adapters, available_ops
3 | | from world_series.ultron.train_router import LinearRouter
4 | | from world_series.ultron.router import static_route
5 | | from world_series.ultron.state import EpisodeState
  | |__________________________________________________^
help: Organize imports
  |
1 | from world_series.core.registry import reset_registry_for_tests
  - from world_series.ultron.capabilities import bootstrap_adapters, available_ops
  - from world_series.ultron.train_router import LinearRouter
2 + from world_series.ultron.capabilities import available_ops, bootstrap_adapters
3 | from world_series.ultron.router import static_route
4 | from world_series.ultron.state import EpisodeState
5 + from world_series.ultron.train_router import LinearRouter
6 |
  |

I001 [*] Import block is un-sorted or un-formatted
 --> tests/wcode/test_learned.py:1:1
  |
1 | / import numpy as np
2 | | import torch
3 | | from world_series.wcode.dsl import BinOp,Var,Lit,If
4 | | from world_series.wcode.learned import MODES,ProgramScorer,pack_programs,program_pool,public_tensor,structure
  | |_____________________________________________________________________________________________________________^
help: Organize imports
   |
2  | import torch
   - from world_series.wcode.dsl import BinOp,Var,Lit,If
   - from world_series.wcode.learned import MODES,ProgramScorer,pack_programs,program_pool,public_tensor,structure
3  |
4  + from world_series.wcode.dsl import BinOp, If, Lit, Var
5  + from world_series.wcode.learned import (
6  +     MODES,
7  +     ProgramScorer,
8  +     pack_programs,
9  +     program_pool,
10 +     public_tensor,
11 +     structure,
12 + )
13 +
14 |
   |

I001 [*] Import block is un-sorted or un-formatted
 --> tests/wcode/test_runtime_bounds.py:1:1
  |
1 | / import pytest
2 | | from world_series.core.contracts import WorldSeriesError
3 | | from world_series.wcode.dsl import BinOp,Lit,Var,ListLit,ListOp
4 | | from world_series.wcode.interpreter import Fuel,interpret
  | |_________________________________________________________^
help: Organize imports
  |
1 | import pytest
2 +
3 | from world_series.core.contracts import WorldSeriesError
  - from world_series.wcode.dsl import BinOp,Lit,Var,ListLit,ListOp
  - from world_series.wcode.interpreter import Fuel,interpret
4 + from world_series.wcode.dsl import BinOp, ListLit, ListOp, Lit, Var
5 + from world_series.wcode.interpreter import Fuel, interpret
6 |
  |

I001 [*] Import block is un-sorted or un-formatted
 --> tests/wcode/test_wcode.py:2:1
  |
2 | / from world_series.wcode.dsl import BinOp, Var, Lit
3 | | from world_series.wcode.interpreter import interpret, Fuel, validate_ast
4 | | from world_series.core.contracts import WorldSeriesError
5 | | import pytest
  | |_____________^
6 |
7 |   def test_interp_and_fuel():
  |
help: Organize imports
  |
1 |
  - from world_series.wcode.dsl import BinOp, Var, Lit
  - from world_series.wcode.interpreter import interpret, Fuel, validate_ast
2 + import pytest
3 +
4 | from world_series.core.contracts import WorldSeriesError
  - import pytest
5 + from world_series.wcode.dsl import BinOp, Lit, Var
6 + from world_series.wcode.interpreter import Fuel, interpret, validate_ast
7 +
8 |
  |

F401 [*] `world_series.wcode.interpreter.validate_ast` imported but unused
 --> tests/wcode/test_wcode.py:3:61
  |
2 | from world_series.wcode.dsl import BinOp, Var, Lit
3 | from world_series.wcode.interpreter import interpret, Fuel, validate_ast
  |                                                             ^^^^^^^^^^^^
4 | from world_series.core.contracts import WorldSeriesError
5 | import pytest
  |
help: Remove unused import: `world_series.wcode.interpreter.validate_ast`
  |
2 | from world_series.wcode.dsl import BinOp, Var, Lit
  - from world_series.wcode.interpreter import interpret, Fuel, validate_ast
3 + from world_series.wcode.interpreter import interpret, Fuel
4 | from world_series.core.contracts import WorldSeriesError
  |

I001 [*] Import block is un-sorted or un-formatted
 --> tests/wcode/test_wcode_rankers.py:2:1
  |
2 | / from world_series.core.budgets import Budget, BudgetLedger
3 | | from world_series.wcode.search import compare_rankers
  | |_____________________________________________________^
4 |
5 |   def test_ranker_compare_runs():
  |
help: Organize imports
  |
4 |
5 +
6 | def test_ranker_compare_runs():
  |

I001 [*] Import block is un-sorted or un-formatted
 --> tests/wfim/test_coordinates.py:1:1
  |
1 | / import math
2 | | import pytest
3 | | import torch
4 | | from world_series.wfim.coordinates import WordCoordinates
  | |_________________________________________________________^
help: Organize imports
  |
1 | import math
2 +
3 | import pytest
4 | import torch
5 +
6 | from world_series.wfim.coordinates import WordCoordinates
  |

I001 [*] Import block is un-sorted or un-formatted
 --> tests/wfim/test_learning.py:1:1
  |
1 | / import torch
2 | | from world_series.wfim.learning import CompositionModel
  | |_______________________________________________________^
help: Organize imports
  |
1 | import torch
2 +
3 | from world_series.wfim.learning import CompositionModel
  |

I001 [*] Import block is un-sorted or un-formatted
 --> tests/wfim/test_wfim.py:2:1
  |
2 | from world_series.wfim.algebra import basis, multiply, unit, assert_associativity_truncated, topk_prune, add
  | ^^^^^^^^^^^^^^^^^^^^^^^^^^^^^^^^^^^^^^^^^^^^^^^^^^^^^^^^^^^^^^^^^^^^^^^^^^^^^^^^^^^^^^^^^^^^^^^^^^^^^^^^^^^^
3 | def test_algebra_laws():
4 |     a,b = basis(1), basis(2)
  |
help: Organize imports
   |
1  |
   - from world_series.wfim.algebra import basis, multiply, unit, assert_associativity_truncated, topk_prune, add
2  + from world_series.wfim.algebra import (
3  +     add,
4  +     assert_associativity_truncated,
5  +     basis,
6  +     multiply,
7  +     topk_prune,
8  +     unit,
9  + )
10 +
11 +
12 | def test_algebra_laws():
   |

F401 [*] `world_series.wfim.algebra.topk_prune` imported but unused
 --> tests/wfim/test_wfim.py:2:94
  |
2 | from world_series.wfim.algebra import basis, multiply, unit, assert_associativity_truncated, topk_prune, add
  |                                                                                              ^^^^^^^^^^
3 | def test_algebra_laws():
4 |     a,b = basis(1), basis(2)
  |
help: Remove unused import
  |
1 |
  - from world_series.wfim.algebra import basis, multiply, unit, assert_associativity_truncated, topk_prune, add
2 + from world_series.wfim.algebra import basis, multiply, unit, assert_associativity_truncated
3 | def test_algebra_laws():
  |

F401 [*] `world_series.wfim.algebra.add` imported but unused
 --> tests/wfim/test_wfim.py:2:106
  |
2 | from world_series.wfim.algebra import basis, multiply, unit, assert_associativity_truncated, topk_prune, add
  |                                                                                                          ^^^
3 | def test_algebra_laws():
4 |     a,b = basis(1), basis(2)
  |
help: Remove unused import
  |
1 |
  - from world_series.wfim.algebra import basis, multiply, unit, assert_associativity_truncated, topk_prune, add
2 + from world_series.wfim.algebra import basis, multiply, unit, assert_associativity_truncated
3 | def test_algebra_laws():
  |

I001 [*] Import block is un-sorted or un-formatted
 --> tests/wft/test_constraints.py:1:1
  |
1 | / import numpy as np
2 | | import pytest
3 | | import torch
4 | | from world_series.wft.constraints import DiffusionField,domain,restriction,teacher,spectral_projection
  | |______________________________________________________________________________________________________^
help: Organize imports
   |
3  | import torch
   - from world_series.wft.constraints import DiffusionField,domain,restriction,teacher,spectral_projection
4  |
5  + from world_series.wft.constraints import (
6  +     DiffusionField,
7  +     domain,
8  +     restriction,
9  +     spectral_projection,
10 +     teacher,
11 + )
12 +
13 |
   |

I001 [*] Import block is un-sorted or un-formatted
 --> tests/wft/test_wft.py:2:1
  |
2 | / from world_series.wft.laplacian import path_graph, laplacian_from_weights, is_psd, weighted_spectral, encode, decode
3 | | import numpy as np
  | |__________________^
4 |   def test_psd_recon():
5 |       W = path_graph(5)
  |
help: Organize imports
   |
1  |
   - from world_series.wft.laplacian import path_graph, laplacian_from_weights, is_psd, weighted_spectral, encode, decode
2  | import numpy as np
3  +
4  + from world_series.wft.laplacian import (
5  +     decode,
6  +     encode,
7  +     is_psd,
8  +     laplacian_from_weights,
9  +     path_graph,
10 +     weighted_spectral,
11 + )
12 +
13 +
14 | def test_psd_recon():
   |

RUF059 Unpacked variable `ev` is never used
  --> tests/wft/test_wft.py:9:5
   |
 7 |     assert is_psd(L)
 8 |     M = np.eye(5)
 9 |     ev,Q,Phi = weighted_spectral(L,M)
   |     ^^
10 |     f = np.arange(5, dtype=float)
11 |     assert np.allclose(f, decode(encode(f,Phi,M), Phi))
   |
help: Prefix it with an underscore or any other dummy variable pattern

RUF059 Unpacked variable `Q` is never used
  --> tests/wft/test_wft.py:9:8
   |
 7 |     assert is_psd(L)
 8 |     M = np.eye(5)
 9 |     ev,Q,Phi = weighted_spectral(L,M)
   |        ^
10 |     f = np.arange(5, dtype=float)
11 |     assert np.allclose(f, decode(encode(f,Phi,M), Phi))
   |
help: Prefix it with an underscore or any other dummy variable pattern

I001 [*] Import block is un-sorted or un-formatted
 --> tests/wpinn/test_structured.py:1:1
  |
1 | / import numpy as np
2 | | import pytest
3 | | import torch
4 | |
5 | | from world_series.wpinn.structured import (
6 | |     NAMES, ObservationField, compact_tests, library, neural_observations,
7 | |     rollout, sparse_fit, spline_observations, trapezoid_weights, weak_system,
8 | | )
9 | | from world_series.wpinn.systems import simulate_oscillator
  | |__________________________________________________________^
help: Organize imports
   |
5  | from world_series.wpinn.structured import (
   -     NAMES, ObservationField, compact_tests, library, neural_observations,
   -     rollout, sparse_fit, spline_observations, trapezoid_weights, weak_system,
6  +     NAMES,
7  +     ObservationField,
8  +     compact_tests,
9  +     library,
10 +     neural_observations,
11 +     rollout,
12 +     sparse_fit,
13 +     spline_observations,
14 +     trapezoid_weights,
15 +     weak_system,
16 | )
   |

F401 [*] `world_series.wpinn.structured.NAMES` imported but unused
 --> tests/wpinn/test_structured.py:6:5
  |
5 | from world_series.wpinn.structured import (
6 |     NAMES, ObservationField, compact_tests, library, neural_observations,
  |     ^^^^^
7 |     rollout, sparse_fit, spline_observations, trapezoid_weights, weak_system,
8 | )
  |
help: Remove unused import
  |
5 | from world_series.wpinn.structured import (
  -     NAMES, ObservationField, compact_tests, library, neural_observations,
6 +     compact_tests, library, neural_observations,
7 |     rollout, sparse_fit, spline_observations, trapezoid_weights, weak_system,
  |

F401 [*] `world_series.wpinn.structured.ObservationField` imported but unused
 --> tests/wpinn/test_structured.py:6:12
  |
5 | from world_series.wpinn.structured import (
6 |     NAMES, ObservationField, compact_tests, library, neural_observations,
  |            ^^^^^^^^^^^^^^^^
7 |     rollout, sparse_fit, spline_observations, trapezoid_weights, weak_system,
8 | )
  |
help: Remove unused import
  |
5 | from world_series.wpinn.structured import (
  -     NAMES, ObservationField, compact_tests, library, neural_observations,
6 +     compact_tests, library, neural_observations,
7 |     rollout, sparse_fit, spline_observations, trapezoid_weights, weak_system,
  |

I001 [*] Import block is un-sorted or un-formatted
 --> tests/wpinn/test_wpinn.py:2:1
  |
2 | / from world_series.wpinn.systems import make_trajectory
3 | | from world_series.wpinn.constraints import check_conservation, check_dissipation
  | |________________________________________________________________________________^
4 |   def test_energy_structure():
5 |       u = make_trajectory(0, 2.0, 0.0)
  |
help: Organize imports
  |
1 |
2 + from world_series.wpinn.constraints import check_conservation, check_dissipation
3 | from world_series.wpinn.systems import make_trajectory
  - from world_series.wpinn.constraints import check_conservation, check_dissipation
4 +
5 +
6 | def test_energy_structure():
  |

I001 [*] Import block is un-sorted or un-formatted
 --> tests/wpinn/test_wpinn_weak_only.py:2:1
  |
2 | / from world_series.wpinn.systems import make_trajectory
3 | | from world_series.wpinn.train import weak_only_fit, fit_with_structure
  | |______________________________________________________________________^
4 |
5 |   def test_weak_only_no_crash_and_wrong_conservation_labeled():
  |
help: Organize imports
  |
2 | from world_series.wpinn.systems import make_trajectory
  - from world_series.wpinn.train import weak_only_fit, fit_with_structure
3 + from world_series.wpinn.train import fit_with_structure, weak_only_fit
4 +
5 |
  |

RUF059 Unpacked variable `r` is never used
 --> tests/wpinn/test_wpinn_weak_only.py:7:11
  |
5 | def test_weak_only_no_crash_and_wrong_conservation_labeled():
6 |     traj = make_trajectory(0, k=2.0, c=0.3, noise=0.0)
7 |     coef, r, support = weak_only_fit(traj)
  |           ^
8 |     assert "q" in coef
9 |     wcoef, _, _ = fit_with_structure(traj, enforce_conservation=True)
  |
help: Prefix it with an underscore or any other dummy variable pattern

RUF059 Unpacked variable `support` is never used
 --> tests/wpinn/test_wpinn_weak_only.py:7:14
  |
5 | def test_weak_only_no_crash_and_wrong_conservation_labeled():
6 |     traj = make_trajectory(0, k=2.0, c=0.3, noise=0.0)
7 |     coef, r, support = weak_only_fit(traj)
  |              ^^^^^^^
8 |     assert "q" in coef
9 |     wcoef, _, _ = fit_with_structure(traj, enforce_conservation=True)
  |
help: Prefix it with an underscore or any other dummy variable pattern

Found 364 errors.
[*] 262 fixable with the `--fix` option (64 hidden fixes can be enabled with the `--unsafe-fixes` option).
